Virus name,Accession,Host name,Domain,Phylum,Class,Order,Family,Genus,Species,Virus host match category
Enterobacteria phage ST104,AB102868,Salmonella enterica subsp. enterica serovar Typhimurium str. DT104,Bacteria,Proteobacteria,Gammaproteobacteria,Enterobacteriales,Enterobacteriaceae,Salmonella,Salmonella enterica,"Specific host, 1 host genome match only"
Enterobacteria phage P22,AB362338,Salmonella enterica subsp. enterica serovar Typhimurium str. LT2,Bacteria,Proteobacteria,Gammaproteobacteria,Enterobacteriales,Enterobacteriaceae,Salmonella,Salmonella enterica,"Specific host, 1 host genome match only"
Enterobacteria phage P22,AB426868,Salmonella enterica subsp. enterica serovar Typhimurium str. LT2,Bacteria,Proteobacteria,Gammaproteobacteria,Enterobacteriales,Enterobacteriaceae,Salmonella,Salmonella enterica,"Specific host, 1 host genome match only"
Bacillus phage PM1,AB711120,Bacillus subtilis subsp. natto,Bacteria,Firmicutes,Bacilli,Bacillales,Bacillaceae,Bacillus,Bacillus subtilis,"Specific host name, >1 host genome match"
Chlamydia phage CPAR39,AE002163,Chlamydophila pneumoniae AR39,Bacteria,Chlamydiae,Chlamydiia,Chlamydiales,Chlamydiaceae,Chlamydia,Chlamydia pneumoniae,"Specific host, 1 host genome match only"
Enterobacteria phage phiX174,AF176028,Escherichia coli C,Bacteria,Proteobacteria,Gammaproteobacteria,Enterobacteriales,Enterobacteriaceae,Escherichia,Escherichia coli,"Specific host name, >1 host genome match"
Enterobacteria phage phiX174,AF176029,Escherichia coli C,Bacteria,Proteobacteria,Gammaproteobacteria,Enterobacteriales,Enterobacteriaceae,Escherichia,Escherichia coli,"Specific host name, >1 host genome match"
Enterobacteria phage phiX174,AF176032,Escherichia coli C,Bacteria,Proteobacteria,Gammaproteobacteria,Enterobacteriales,Enterobacteriaceae,Escherichia,Escherichia coli,"Specific host name, >1 host genome match"
Enterobacteria phage phiX174,AF176033,Escherichia coli C,Bacteria,Proteobacteria,Gammaproteobacteria,Enterobacteriales,Enterobacteriaceae,Escherichia,Escherichia coli,"Specific host name, >1 host genome match"
Lactococcus phage phiLC3,AF242738,Lactococcus lactis subsp. cremoris,Bacteria,Firmicutes,Bacilli,Lactobacillales,Streptococcaceae,Lactococcus,Lactococcus lactis,"Specific host name, >1 host genome match"
Synechococcus phage P60,AF338467,Synechococcus sp. WH 7805,Bacteria,Cyanobacteria,,Chroococcales,,Synechococcus,,"Specific host, 1 host genome match only"
Staphylococcus phage 11,AF424781,Staphylococcus aureus subsp. aureus NCTC 8325,Bacteria,Firmicutes,Bacilli,Bacillales,Staphylococcaceae,Staphylococcus,Staphylococcus aureus,"Specific host, 1 host genome match only"
Staphylococcus phage phi 12,AF424782,Staphylococcus aureus subsp. aureus NCTC 8325,Bacteria,Firmicutes,Bacilli,Bacillales,Staphylococcaceae,Staphylococcus,Staphylococcus aureus,"Specific host, 1 host genome match only"
Staphylococcus phage phi13,AF424783,Staphylococcus aureus subsp. aureus NCTC 8325,Bacteria,Firmicutes,Bacilli,Bacillales,Staphylococcaceae,Staphylococcus,Staphylococcus aureus,"Specific host, 1 host genome match only"
Sinorhizobium phage PBC5,AF448724,Sinorhizobium meliloti 2011,Bacteria,Proteobacteria,Alphaproteobacteria,Rhizobiales,Rhizobiaceae,Sinorhizobium,Sinorhizobium meliloti,"Specific host, 1 host genome match only"
Lactobacillus phage A2,AJ251789,Lactobacillus casei subsp. casei ATCC 393,Bacteria,Firmicutes,Bacilli,Lactobacillales,Lactobacillaceae,Lactobacillus,Lactobacillus casei,"Specific host, 1 host genome match only"
Bacillus phage pGIL01,AJ536073,Bacillus thuringiensis serovar israelensis,Bacteria,Firmicutes,Bacilli,Bacillales,Bacillaceae,Bacillus,Bacillus thuringiensis,"Specific host name, >1 host genome match"
Synechococcus phage S-PM2,AJ630128,Synechococcus sp. WH 7803,Bacteria,Cyanobacteria,,Chroococcales,,Synechococcus,,"Specific host, 1 host genome match only"
Sulfolobus islandicus rudivirus 1 variant XX,AJ748296,Sulfolobus islandicus LAL14/1,Archaea,Crenarchaeota,Thermoprotei,Sulfolobales,Sulfolobaceae,Sulfolobus,Sulfolobus islandicus,"Specific host, 1 host genome match only"
Pseudomonas phage LUZ19,AM910651,Pseudomonas aeruginosa PAO1,Bacteria,Proteobacteria,Gammaproteobacteria,Pseudomonadales,Pseudomonadaceae,Pseudomonas,Pseudomonas aeruginosa,"Specific host name, >1 host genome match"
Sodalis phage phiSG1,AP009146,Sodalis glossinidius str. 'morsitans',Bacteria,Proteobacteria,Gammaproteobacteria,Enterobacteriales,Enterobacteriaceae,Sodalis,Sodalis glossinidius,"Specific host, 1 host genome match only"
Thermus phage phiYS40,AP011616,Thermus thermophilus HB8,Bacteria,Deinococcus-Thermus,Deinococci,Thermales,Thermaceae,Thermus,Thermus thermophilus,"Specific host, 1 host genome match only"
Thermus phage TMA,AP011617,Thermus thermophilus HB27,Bacteria,Deinococcus-Thermus,Deinococci,Thermales,Thermaceae,Thermus,Thermus thermophilus,"Specific host, 1 host genome match only"
Bacillus phage phiNIT1,AP013029,Bacillus subtilis subsp. natto BEST195,Bacteria,Firmicutes,Bacilli,Bacillales,Bacillaceae,Bacillus,Bacillus subtilis,"Specific host, 1 host genome match only"
Salmonella phage ST64B,AY055382,Salmonella enterica subsp. enterica serovar Typhimurium,Bacteria,Proteobacteria,Gammaproteobacteria,Enterobacteriales,Enterobacteriaceae,Salmonella,Salmonella enterica,"Specific host name, >1 host genome match"
Burkholderia phage phi1026b,AY453853,Burkholderia pseudomallei 1026b,Bacteria,Proteobacteria,Betaproteobacteria,Burkholderiales,Burkholderiaceae,Burkholderia,Burkholderia pseudomallei,"Specific host name, >1 host genome match"
Salmonella phage SS3e,AY730274,Salmonella enterica subsp. enterica serovar Typhimurium,Bacteria,Proteobacteria,Gammaproteobacteria,Enterobacteriales,Enterobacteriaceae,Salmonella,Salmonella enterica,"Specific host name, >1 host genome match"
Prochlorococcus phage P-SSM2,AY939844,Prochlorococcus marinus str. NATL1A,Bacteria,Cyanobacteria,,Prochlorales,Prochlorococcaceae,Prochlorococcus,Prochlorococcus marinus,"Specific host, 1 host genome match only"
Prochlorococcus phage P-SSM4,AY940168,Prochlorococcus marinus str. NATL2A,Bacteria,Cyanobacteria,,Prochlorales,Prochlorococcaceae,Prochlorococcus,Prochlorococcus marinus,"Specific host, 1 host genome match only"
Clostridium phage phiSM101,CP000315,Clostridium perfringens SM101,Bacteria,Firmicutes,Clostridia,Clostridiales,Clostridiaceae,Clostridium,Clostridium perfringens,"Specific host, 1 host genome match only"
Enterococcus phage EF62phi,CP002495,Enterococcus faecalis 62,Bacteria,Firmicutes,Bacilli,Lactobacillales,Enterococcaceae,Enterococcus,Enterococcus faecalis,"Specific host, 1 host genome match only"
Streptococcus phage YMC-2011,CP002889,Streptococcus salivarius 57.I,Bacteria,Firmicutes,Bacilli,Lactobacillales,Streptococcaceae,Streptococcus,Streptococcus salivarius,"Specific host, 1 host genome match only"
Thermoanaerobacterium phage THSA-485A,CP003186,Thermoanaerobacterium saccharolyticum JW/SL-YS485,Bacteria,Firmicutes,Clostridia,Thermoanaerobacterales,Thermoanaerobacterales Family III. Incertae Sedis,Thermoanaerobacterium,Thermoanaerobacterium saccharolyticum,"Specific host, 1 host genome match only"
Burkholderia phage BEK,CP008753,Burkholderia pseudomallei 9,Bacteria,Proteobacteria,Betaproteobacteria,Burkholderiales,Burkholderiaceae,Burkholderia,Burkholderia pseudomallei,"Specific host name, >1 host genome match"
Escherichia phage phiV10,DQ126339,Escherichia coli O157:H7,Bacteria,Proteobacteria,Gammaproteobacteria,Enterobacteriales,Enterobacteriaceae,Escherichia,Escherichia coli,"Specific host name, >1 host genome match"
Bacillus phage Cherry,DQ222851,Bacillus anthracis Vollum,Bacteria,Firmicutes,Bacilli,Bacillales,Bacillaceae,Bacillus,Bacillus anthracis,"Specific host name, >1 host genome match"
Bacillus phage Gamma,DQ222853,Bacillus cereus ATCC 4342,Bacteria,Firmicutes,Bacilli,Bacillales,Bacillaceae,Bacillus,Bacillus cereus,"Specific host name, >1 host genome match"
Bacillus phage Gamma,DQ222855,Bacillus anthracis Vollum,Bacteria,Firmicutes,Bacilli,Bacillales,Bacillaceae,Bacillus,Bacillus anthracis,"Specific host name, >1 host genome match"
Bacillus phage WBeta,DQ289555,Bacillus cereus ATCC 4342,Bacteria,Firmicutes,Bacilli,Bacillales,Bacillaceae,Bacillus,Bacillus cereus,"Specific host name, >1 host genome match"
Bacillus phage Gamma isolate d'Herelle,DQ289556,Bacillus cereus ATCC 4342,Bacteria,Firmicutes,Bacilli,Bacillales,Bacillaceae,Bacillus,Bacillus cereus,"Specific host name, >1 host genome match"
Escherichia phage rv5,DQ832317,Escherichia coli O157,Bacteria,Proteobacteria,Gammaproteobacteria,Enterobacteriales,Enterobacteriaceae,Escherichia,Escherichia coli,"Specific host name, >1 host genome match"
Pseudomonas phage MP22,DQ873690,Pseudomonas aeruginosa PA14,Bacteria,Proteobacteria,Gammaproteobacteria,Pseudomonadales,Pseudomonadaceae,Pseudomonas,Pseudomonas aeruginosa,"Specific host, 1 host genome match only"
Enterobacteria phage N4,EF056009,Escherichia coli K-12,Bacteria,Proteobacteria,Gammaproteobacteria,Enterobacteriales,Enterobacteriaceae,Escherichia,Escherichia coli,"Specific host, 1 host genome match only"
Synechococcus phage Syn5,EF372997,Synechococcus sp. WH 8109,Bacteria,Cyanobacteria,,Chroococcales,,Synechococcus,,"Specific host, 1 host genome match only"
Burkholderia phage BcepNY3,EF602154,Burkholderia cenocepacia HI2424,Bacteria,Proteobacteria,Betaproteobacteria,Burkholderiales,Burkholderiaceae,Burkholderia,Burkholderia cenocepacia,"Specific host, 1 host genome match only"
Enterobacteria phage DE3,EU078592,Escherichia coli BL21(DE3),Bacteria,Proteobacteria,Gammaproteobacteria,Enterobacteriales,Enterobacteriaceae,Escherichia,Escherichia coli,"Specific host, 1 host genome match only"
Pseudomonas phage MP29,EU272036,Pseudomonas aeruginosa PA14,Bacteria,Proteobacteria,Gammaproteobacteria,Pseudomonadales,Pseudomonadaceae,Pseudomonas,Pseudomonas aeruginosa,"Specific host, 1 host genome match only"
Pseudomonas phage MP38,EU272037,Pseudomonas aeruginosa PA14,Bacteria,Proteobacteria,Gammaproteobacteria,Pseudomonadales,Pseudomonadaceae,Pseudomonas,Pseudomonas aeruginosa,"Specific host, 1 host genome match only"
Lactobacillus phage c5,EU340421,Lactobacillus delbrueckii subsp. bulgaricus,Bacteria,Firmicutes,Bacilli,Lactobacillales,Lactobacillaceae,Lactobacillus,Lactobacillus delbrueckii,"Specific host name, >1 host genome match"
Lactobacillus phage JCL1032,EU409559,Lactobacillus delbrueckii subsp. lactis,Bacteria,Firmicutes,Bacilli,Lactobacillales,Lactobacillaceae,Lactobacillus,Lactobacillus delbrueckii,"Specific host name, >1 host genome match"
Salmonella phage epsilon34,EU570103,Salmonella enterica subsp. enterica serovar Anatum,Bacteria,Proteobacteria,Gammaproteobacteria,Enterobacteriales,Enterobacteriaceae,Salmonella,Salmonella enterica,"Specific host name, >1 host genome match"
Xanthomonas phage phiL7,EU717894,Xanthomonas campestris pv. campestris,Bacteria,Proteobacteria,Gammaproteobacteria,Xanthomonadales,Xanthomonadaceae,Xanthomonas,Xanthomonas campestris,"Specific host name, >1 host genome match"
Yersinia phage Yepe2,EU734170,Yersinia pestis A1122,Bacteria,Proteobacteria,Gammaproteobacteria,Enterobacteriales,Enterobacteriaceae,Yersinia,Yersinia pestis,"Specific host, 1 host genome match only"
Mycobacterium phage Solon,EU826470,Mycobacterium smegmatis str. MC2 155,Bacteria,Actinobacteria,Actinobacteria,Corynebacteriales,Mycobacteriaceae,Mycobacterium,Mycobacterium smegmatis,"Specific host, 1 host genome match only"
Enterobacteria phage WV8,EU877232,Escherichia coli O157:H7,Bacteria,Proteobacteria,Gammaproteobacteria,Enterobacteriales,Enterobacteriaceae,Escherichia,Escherichia coli,"Specific host name, >1 host genome match"
Salmonella phage c341,FJ000341,Salmonella enterica subsp. enterica serovar Anatum,Bacteria,Proteobacteria,Gammaproteobacteria,Enterobacteriales,Enterobacteriaceae,Salmonella,Salmonella enterica,"Specific host name, >1 host genome match"
Mycobacterium phage Brujita,FJ168659,Mycobacterium smegmatis str. MC2 155,Bacteria,Actinobacteria,Actinobacteria,Corynebacteriales,Mycobacteriaceae,Mycobacterium,Mycobacterium smegmatis,"Specific host, 1 host genome match only"
Mycobacterium phage Butterscotch,FJ168660,Mycobacterium smegmatis str. MC2 155,Bacteria,Actinobacteria,Actinobacteria,Corynebacteriales,Mycobacteriaceae,Mycobacterium,Mycobacterium smegmatis,"Specific host, 1 host genome match only"
Mycobacterium phage Gumball,FJ168661,Mycobacterium smegmatis str. MC2 155,Bacteria,Actinobacteria,Actinobacteria,Corynebacteriales,Mycobacteriaceae,Mycobacterium,Mycobacterium smegmatis,"Specific host, 1 host genome match only"
Mycobacterium phage Troll4,FJ168662,Mycobacterium smegmatis str. MC2 155,Bacteria,Actinobacteria,Actinobacteria,Corynebacteriales,Mycobacteriaceae,Mycobacterium,Mycobacterium smegmatis,"Specific host, 1 host genome match only"
Mycobacterium phage Fruitloop,FJ174690,Mycobacterium smegmatis str. MC2 155,Bacteria,Actinobacteria,Actinobacteria,Corynebacteriales,Mycobacteriaceae,Mycobacterium,Mycobacterium smegmatis,"Specific host, 1 host genome match only"
Mycobacterium phage Konstantine,FJ174691,Mycobacterium smegmatis str. MC2 155,Bacteria,Actinobacteria,Actinobacteria,Corynebacteriales,Mycobacteriaceae,Mycobacterium,Mycobacterium smegmatis,"Specific host, 1 host genome match only"
Mycobacterium phage Pacc40,FJ174692,Mycobacterium smegmatis str. MC2 155,Bacteria,Actinobacteria,Actinobacteria,Corynebacteriales,Mycobacteriaceae,Mycobacterium,Mycobacterium smegmatis,"Specific host, 1 host genome match only"
Mycobacterium phage Ramsey,FJ174693,Mycobacterium smegmatis str. MC2 155,Bacteria,Actinobacteria,Actinobacteria,Corynebacteriales,Mycobacteriaceae,Mycobacterium,Mycobacterium smegmatis,"Specific host, 1 host genome match only"
Mycobacterium phage Chah,FJ174694,Mycobacterium smegmatis str. MC2 155,Bacteria,Actinobacteria,Actinobacteria,Corynebacteriales,Mycobacteriaceae,Mycobacterium,Mycobacterium smegmatis,"Specific host, 1 host genome match only"
Mycobacterium phage Phlyer,FJ641182,Mycobacterium smegmatis str. MC2 155,Bacteria,Actinobacteria,Actinobacteria,Corynebacteriales,Mycobacteriaceae,Mycobacterium,Mycobacterium smegmatis,"Specific host, 1 host genome match only"
Enterobacteria phage phiX174,FJ849058,Escherichia coli C,Bacteria,Proteobacteria,Gammaproteobacteria,Enterobacteriales,Enterobacteriaceae,Escherichia,Escherichia coli,"Specific host name, >1 host genome match"
Mycobacterium phage Angel,FJ973624,Mycobacterium smegmatis str. MC2 155,Bacteria,Actinobacteria,Actinobacteria,Corynebacteriales,Mycobacteriaceae,Mycobacterium,Mycobacterium smegmatis,"Specific host, 1 host genome match only"
Pseudomonas phage phi-2,FN594518,Pseudomonas fluorescens SBW25,Bacteria,Proteobacteria,Gammaproteobacteria,Pseudomonadales,Pseudomonadaceae,Pseudomonas,Pseudomonas fluorescens,"Specific host, 1 host genome match only"
Salmonella phage Vi01,FQ312032,Salmonella enterica subsp. enterica serovar Typhi,Bacteria,Proteobacteria,Gammaproteobacteria,Enterobacteriales,Enterobacteriaceae,Salmonella,Salmonella enterica,"Specific host name, >1 host genome match"
Salmonella phage Vi06,FR667955,Salmonella enterica subsp. enterica serovar Typhi,Bacteria,Proteobacteria,Gammaproteobacteria,Enterobacteriales,Enterobacteriaceae,Salmonella,Salmonella enterica,"Specific host name, >1 host genome match"
Clavibacter phage CMP1,GQ241246,Clavibacter michiganensis subsp. michiganensis,Bacteria,Actinobacteria,Actinobacteria,Micrococcales,Microbacteriaceae,Clavibacter,Clavibacter michiganensis,"Specific host name, >1 host genome match"
Mycobacterium phage Colbert,GQ303259,Mycobacterium smegmatis str. MC2 155,Bacteria,Actinobacteria,Actinobacteria,Corynebacteriales,Mycobacteriaceae,Mycobacterium,Mycobacterium smegmatis,"Specific host, 1 host genome match only"
Mycobacterium phage ET08,GQ303260,Mycobacterium smegmatis str. MC2 155,Bacteria,Actinobacteria,Actinobacteria,Corynebacteriales,Mycobacteriaceae,Mycobacterium,Mycobacterium smegmatis,"Specific host, 1 host genome match only"
Mycobacterium phage Hope,GQ303261,Mycobacterium smegmatis str. MC2 155,Bacteria,Actinobacteria,Actinobacteria,Corynebacteriales,Mycobacteriaceae,Mycobacterium,Mycobacterium smegmatis,"Specific host, 1 host genome match only"
Mycobacterium phage LRRHood,GQ303262,Mycobacterium smegmatis str. MC2 155,Bacteria,Actinobacteria,Actinobacteria,Corynebacteriales,Mycobacteriaceae,Mycobacterium,Mycobacterium smegmatis,"Specific host, 1 host genome match only"
Mycobacterium phage Peaches,GQ303263,Mycobacterium smegmatis str. MC2 155,Bacteria,Actinobacteria,Actinobacteria,Corynebacteriales,Mycobacteriaceae,Mycobacterium,Mycobacterium smegmatis,"Specific host, 1 host genome match only"
Mycobacterium phage Puhltonio,GQ303264,Mycobacterium smegmatis str. MC2 155,Bacteria,Actinobacteria,Actinobacteria,Corynebacteriales,Mycobacteriaceae,Mycobacterium,Mycobacterium smegmatis,"Specific host, 1 host genome match only"
Cyanophage PSS2,GQ334450,Prochlorococcus marinus str. MIT 9313,Bacteria,Cyanobacteria,,Prochlorales,Prochlorococcaceae,Prochlorococcus,Prochlorococcus marinus,"Specific host, 1 host genome match only"
Aggregatibacter phage S1249,GQ866233,Aggregatibacter actinomycetemcomitans D11S-1,Bacteria,Proteobacteria,Gammaproteobacteria,Pasteurellales,Pasteurellaceae,Aggregatibacter,Aggregatibacter actinomycetemcomitans,"Specific host, 1 host genome match only"
Lactococcus lactis phage p2,GQ979703,Lactococcus lactis subsp. cremoris MG1363,Bacteria,Firmicutes,Bacilli,Lactobacillales,Streptococcaceae,Lactococcus,Lactococcus lactis,"Specific host, 1 host genome match only"
Synechococcus phage S-ShM2,GU071096,Synechococcus sp. WH 8102,Bacteria,Cyanobacteria,,Chroococcales,,Synechococcus,,"Specific host, 1 host genome match only"
Synechococcus phage S-SSM5,GU071097,Synechococcus sp. WH 8102,Bacteria,Cyanobacteria,,Chroococcales,,Synechococcus,,"Specific host, 1 host genome match only"
Synechococcus phage S-SSM7,GU071098,Synechococcus sp. WH 8109,Bacteria,Cyanobacteria,,Chroococcales,,Synechococcus,,"Specific host, 1 host genome match only"
Prochlorococcus phage P-RSM4,GU071099,Prochlorococcus marinus str. MIT 9303,Bacteria,Cyanobacteria,,Prochlorales,Prochlorococcaceae,Prochlorococcus,Prochlorococcus marinus,"Specific host, 1 host genome match only"
Cyanophage 9515-10a,GU071100,Prochlorococcus marinus str. MIT 9515,Bacteria,Cyanobacteria,,Prochlorales,Prochlorococcaceae,Prochlorococcus,Prochlorococcus marinus,"Specific host, 1 host genome match only"
Prochlorococcus phage P-HM1,GU071101,Prochlorococcus marinus MED4(Prochlorococcus marinus subsp. pastoris str. CCMP1986),Bacteria,Cyanobacteria,,Prochlorales,Prochlorococcaceae,Prochlorococcus,Prochlorococcus marinus,"Specific host, 1 host genome match only"
Cyanophage NATL1A-7,GU071102,Prochlorococcus marinus str. NATL1A,Bacteria,Cyanobacteria,,Prochlorales,Prochlorococcaceae,Prochlorococcus,Prochlorococcus marinus,"Specific host, 1 host genome match only"
Prochlorococcus phage P-SSM7,GU071103,Prochlorococcus marinus str. NATL1A,Bacteria,Cyanobacteria,,Prochlorales,Prochlorococcaceae,Prochlorococcus,Prochlorococcus marinus,"Specific host, 1 host genome match only"
Cyanophage NATL2A-133,GU071104,Prochlorococcus marinus str. NATL2A,Bacteria,Cyanobacteria,,Prochlorales,Prochlorococcaceae,Prochlorococcus,Prochlorococcus marinus,"Specific host, 1 host genome match only"
Synechococcus phage Syn19,GU071106,Synechococcus sp. WH 8109,Bacteria,Cyanobacteria,,Chroococcales,,Synechococcus,,"Specific host, 1 host genome match only"
Prochlorococcus phage Syn33,GU071108,Synechococcus sp. WH 7803,Bacteria,Cyanobacteria,,Chroococcales,,Synechococcus,,"Specific host, 1 host genome match only"
Prochlorococcus phage P-HM2,GU075905,Prochlorococcus marinus MED4(Prochlorococcus marinus subsp. pastoris str. CCMP1986),Bacteria,Cyanobacteria,,Prochlorales,Prochlorococcaceae,Prochlorococcus,Prochlorococcus marinus,"Specific host, 1 host genome match only"
Mycobacterium phage SkiPole,GU247132,Mycobacterium smegmatis str. MC2 155,Bacteria,Actinobacteria,Actinobacteria,Corynebacteriales,Mycobacteriaceae,Mycobacterium,Mycobacterium smegmatis,"Specific host, 1 host genome match only"
Mycobacterium phage RedRock,GU339467,Mycobacterium smegmatis str. MC2 155,Bacteria,Actinobacteria,Actinobacteria,Corynebacteriales,Mycobacteriaceae,Mycobacterium,Mycobacterium smegmatis,"Specific host, 1 host genome match only"
Puniceispirillum phage HMO-2011,GU557055,Candidatus Puniceispirillum marinum IMCC1322,Bacteria,Proteobacteria,Alphaproteobacteria,,,Candidatus Puniceispirillum,Candidatus Puniceispirillum marinum,"Specific host, 1 host genome match only"
Enterobacteria phage UAB_Phi78,GU595417,Salmonella enterica subsp. enterica serovar Typhimurium,Bacteria,Proteobacteria,Gammaproteobacteria,Enterobacteriales,Enterobacteriaceae,Salmonella,Salmonella enterica,"Specific host name, >1 host genome match"
Salmonella phage vB_SenS-Ent1,HE775250,Salmonella enterica subsp. enterica serovar Enteritidis,Bacteria,Proteobacteria,Gammaproteobacteria,Enterobacteriales,Enterobacteriaceae,Salmonella,Salmonella enterica,"Specific host name, >1 host genome match"
Streptococcus phage SP-QS1,HE962497,Streptococcus pneumoniae D39,Bacteria,Firmicutes,Bacilli,Lactobacillales,Streptococcaceae,Streptococcus,Streptococcus pneumoniae,"Specific host, 1 host genome match only"
Enterobacteria phage GEC-3S,HE978309,Escherichia coli O104:H4,Bacteria,Proteobacteria,Gammaproteobacteria,Enterobacteriales,Enterobacteriaceae,Escherichia,Escherichia coli,"Specific host name, >1 host genome match"
Sulfolobus monocaudavirus SMV1,HG322870,Sulfolobus solfataricus P2,Archaea,Crenarchaeota,Thermoprotei,Sulfolobales,Sulfolobaceae,Sulfolobus,Sulfolobus solfataricus,"Specific host, 1 host genome match only"
Salmonella phage vB_SenS-Ent2,HG934469,Salmonella enterica subsp. enterica serovar Enteritidis,Bacteria,Proteobacteria,Gammaproteobacteria,Enterobacteriales,Enterobacteriaceae,Salmonella,Salmonella enterica,"Specific host name, >1 host genome match"
Salmonella phage vB_SenS-Ent3,HG934470,Salmonella enterica subsp. enterica serovar Enteritidis,Bacteria,Proteobacteria,Gammaproteobacteria,Enterobacteriales,Enterobacteriaceae,Salmonella,Salmonella enterica,"Specific host name, >1 host genome match"
Mycobacterium phage LeBron,HM152763,Mycobacterium smegmatis str. MC2 155,Bacteria,Actinobacteria,Actinobacteria,Corynebacteriales,Mycobacteriaceae,Mycobacterium,Mycobacterium smegmatis,"Specific host, 1 host genome match only"
Mycobacterium phage Angelica,HM152764,Mycobacterium smegmatis str. MC2 155,Bacteria,Actinobacteria,Actinobacteria,Corynebacteriales,Mycobacteriaceae,Mycobacterium,Mycobacterium smegmatis,"Specific host, 1 host genome match only"
Mycobacterium phage island3,HM152765,Mycobacterium smegmatis str. MC2 155,Bacteria,Actinobacteria,Actinobacteria,Corynebacteriales,Mycobacteriaceae,Mycobacterium,Mycobacterium smegmatis,"Specific host, 1 host genome match only"
Mycobacterium phage Eagle,HM152766,Mycobacterium smegmatis str. MC2 155,Bacteria,Actinobacteria,Actinobacteria,Corynebacteriales,Mycobacteriaceae,Mycobacterium,Mycobacterium smegmatis,"Specific host, 1 host genome match only"
Mycobacterium phage CrimD,HM152767,Mycobacterium smegmatis str. MC2 155,Bacteria,Actinobacteria,Actinobacteria,Corynebacteriales,Mycobacteriaceae,Mycobacterium,Mycobacterium smegmatis,"Specific host, 1 host genome match only"
Escherichia phage HK75,HM173637,Escherichia coli K-12,Bacteria,Proteobacteria,Gammaproteobacteria,Enterobacteriales,Enterobacteriaceae,Escherichia,Escherichia coli,"Specific host, 1 host genome match only"
Salmonella phage 7-11,HM997019,Salmonella enterica subsp. enterica serovar Newport,Bacteria,Proteobacteria,Gammaproteobacteria,Enterobacteriales,Enterobacteriaceae,Salmonella,Salmonella enterica,"Specific host name, >1 host genome match"
Streptococcus phage Dp-1,HQ268735,Streptococcus pneumoniae R6,Bacteria,Firmicutes,Bacilli,Lactobacillales,Streptococcaceae,Streptococcus,Streptococcus pneumoniae,"Specific host, 1 host genome match only"
Cyanophage SS120-1,HQ316584,Prochlorococcus marinus SS120(Prochlorococcus marinus subsp. marinus str. CCMP1375),Bacteria,Cyanobacteria,,Prochlorales,Prochlorococcaceae,Prochlorococcus,Prochlorococcus marinus,"Specific host, 1 host genome match only"
Cyanophage S-SSM6b,HQ316603,Synechococcus sp. WH 8109,Bacteria,Cyanobacteria,,Chroococcales,,Synechococcus,,"Specific host, 1 host genome match only"
Vibrio phage SIO-2,HQ316604,Vibrionales bacterium SWAT-3,Bacteria,Proteobacteria,Gammaproteobacteria,Vibrionales,,,,"Specific host, 1 host genome match only"
Synechococcus phage S-RIM2 R21_2007,HQ317290,Synechococcus sp. WH 7803,Bacteria,Cyanobacteria,,Chroococcales,,Synechococcus,,"Specific host, 1 host genome match only"
Synechococcus phage S-RIM2 R9_2006,HQ317291,Synechococcus sp. WH 7803,Bacteria,Cyanobacteria,,Chroococcales,,Synechococcus,,"Specific host, 1 host genome match only"
Synechococcus phage S-RIM2 R1_1999,HQ317292,Synechococcus sp. WH 7803,Bacteria,Cyanobacteria,,Chroococcales,,Synechococcus,,"Specific host, 1 host genome match only"
Synechococcus phage S-IOM18,HQ317383,Synechococcus sp. WH 7803,Bacteria,Cyanobacteria,,Chroococcales,,Synechococcus,,"Specific host, 1 host genome match only"
Sulfitobacter phage pCB2047-C,HQ317384,Sulfitobacter sp. CB2047,Bacteria,Proteobacteria,Alphaproteobacteria,Rhodobacterales,Rhodobacteraceae,Sulfitobacter,,"Specific host, 1 host genome match only"
Synechococcus phage S-RIM8 A.HR5,HQ317385,Synechococcus sp. WH 7803,Bacteria,Cyanobacteria,,Chroococcales,,Synechococcus,,"Specific host, 1 host genome match only"
Sulfitobacter phage pCB2047-B,HQ317387,Sulfitobacter sp. CB2047,Bacteria,Proteobacteria,Alphaproteobacteria,Rhodobacterales,Rhodobacteraceae,Sulfitobacter,,"Specific host, 1 host genome match only"
Synechococcus phage S-RIP2,HQ317389,Synechococcus sp. WH 7803,Bacteria,Cyanobacteria,,Chroococcales,,Synechococcus,,"Specific host, 1 host genome match only"
Colwellia phage 9A,HQ317390,Colwellia psychrerythaea strain 34H,Bacteria,Proteobacteria,Gammaproteobacteria,Alteromonadales,Colwelliaceae,Colwellia,Colwellia psychrerythraea,"Specific host, 1 host genome match only"
Cyanophage S-SSM6a,HQ317391,Synechococcus sp. WH 8109,Bacteria,Cyanobacteria,,Chroococcales,,Synechococcus,,"Specific host, 1 host genome match only"
Prochlorococcus phage P-SSP3,HQ332137,Prochlorococcus marinus str. MIT 9312,Bacteria,Cyanobacteria,,Prochlorales,Prochlorococcaceae,Prochlorococcus,Prochlorococcus marinus,"Specific host, 1 host genome match only"
Prochlorococcus phage P-GSP1,HQ332140,Prochlorococcus marinus MED4(Prochlorococcus marinus subsp. pastoris str. CCMP1986),Bacteria,Cyanobacteria,,Prochlorales,Prochlorococcaceae,Prochlorococcus,Prochlorococcus marinus,"Specific host, 1 host genome match only"
Sulfitobacter phage pCB2047-A,HQ332142,Sulfitobacter sp. CB2047,Bacteria,Proteobacteria,Alphaproteobacteria,Rhodobacterales,Rhodobacteraceae,Sulfitobacter,,"Specific host, 1 host genome match only"
Prochlorococcus phage P-SSM3,HQ337021,Prochlorococcus marinus str. NATL2A,Bacteria,Cyanobacteria,,Prochlorales,Prochlorococcaceae,Prochlorococcus,Prochlorococcus marinus,"Specific host, 1 host genome match only"
Prochlorococcus phage P-SSP10,HQ337022,Prochlorococcus marinus str. NATL2A,Bacteria,Cyanobacteria,,Prochlorales,Prochlorococcaceae,Prochlorococcus,Prochlorococcus marinus,"Specific host, 1 host genome match only"
Prochlorococcus phage P-SSM5,HQ632825,Prochlorococcus marinus str. NATL2A,Bacteria,Cyanobacteria,,Prochlorales,Prochlorococcaceae,Prochlorococcus,Prochlorococcus marinus,"Specific host, 1 host genome match only"
Synechococcus phage S-SKS1,HQ633071,Synechococcus sp. WH 7803,Bacteria,Cyanobacteria,,Chroococcales,,Synechococcus,,"Specific host, 1 host genome match only"
Prochlorococcus phage P-SSP6,HQ634152,Prochlorococcus marinus str. MIT 9515,Bacteria,Cyanobacteria,,Prochlorales,Prochlorococcaceae,Prochlorococcus,Prochlorococcus marinus,"Specific host, 1 host genome match only"
Cyanophage MED4-213,HQ634174,Prochlorococcus marinus MED4(Prochlorococcus marinus subsp. pastoris str. CCMP1986),Bacteria,Cyanobacteria,,Prochlorales,Prochlorococcaceae,Prochlorococcus,Prochlorococcus marinus,"Specific host, 1 host genome match only"
Cyanophage P-RSM1,HQ634175,Prochlorococcus marinus str. MIT 9303,Bacteria,Cyanobacteria,,Prochlorales,Prochlorococcaceae,Prochlorococcus,Prochlorococcus marinus,"Specific host, 1 host genome match only"
Cyanophage P-RSM3,HQ634176,Prochlorococcus marinus str. NATL2A,Bacteria,Cyanobacteria,,Prochlorales,Prochlorococcaceae,Prochlorococcus,Prochlorococcus marinus,"Specific host, 1 host genome match only"
Synechococcus phage S-CAM1,HQ634177,Synechococcus sp. WH 7803,Bacteria,Cyanobacteria,,Chroococcales,,Synechococcus,,"Specific host, 1 host genome match only"
Synechococcus phage S-CAM8,HQ634178,Synechococcus sp. WH 7803,Bacteria,Cyanobacteria,,Chroococcales,,Synechococcus,,"Specific host, 1 host genome match only"
Cyanophage KBS-S-2A,HQ634187,Synechococcus sp. WH 7803,Bacteria,Cyanobacteria,,Chroococcales,,Synechococcus,,"Specific host, 1 host genome match only"
Cyanophage KBS-P-1A,HQ634188,Synechococcus sp. WH 7803,Bacteria,Cyanobacteria,,Chroococcales,,Synechococcus,,"Specific host, 1 host genome match only"
Cyanophage Syn30,HQ634189,Synechococcus sp. WH 7803,Bacteria,Cyanobacteria,,Chroococcales,,Synechococcus,,"Specific host, 1 host genome match only"
Cyanophage P-RSM6,HQ634193,Prochlorococcus marinus str. NATL2A,Bacteria,Cyanobacteria,,Prochlorales,Prochlorococcaceae,Prochlorococcus,Prochlorococcus marinus,"Specific host, 1 host genome match only"
Synechococcus phage S-CBS4,HQ698895,Synechococcus sp. CB0101,Bacteria,Cyanobacteria,,Chroococcales,,Synechococcus,,"Specific host, 1 host genome match only"
Mycobacterium phage Wee,HQ728524,Mycobacterium smegmatis str. MC2 155,Bacteria,Actinobacteria,Actinobacteria,Corynebacteriales,Mycobacteriaceae,Mycobacterium,Mycobacterium smegmatis,"Specific host, 1 host genome match only"
Pseudomonas phage PaP1,HQ832595,Pseudomonas aeruginosa PA1,Bacteria,Proteobacteria,Gammaproteobacteria,Pseudomonadales,Pseudomonadaceae,Pseudomonas,Pseudomonas aeruginosa,"Specific host name, >1 host genome match"
Helicobacter phage phiHP33,JF734911,Helicobacter pylori B45,Bacteria,Proteobacteria,Epsilonproteobacteria,Campylobacterales,Helicobacteraceae,Helicobacter,Helicobacter pylori,"Specific host, 1 host genome match only"
Mycobacterium phage Faith1,JF744988,Mycobacterium smegmatis str. MC2 155,Bacteria,Actinobacteria,Actinobacteria,Corynebacteriales,Mycobacteriaceae,Mycobacterium,Mycobacterium smegmatis,"Specific host, 1 host genome match only"
Escherichia phage phiEB49,JF770475,Escherichia coli CFT073,Bacteria,Proteobacteria,Gammaproteobacteria,Enterobacteriales,Enterobacteriaceae,Escherichia,Escherichia coli,"Specific host, 1 host genome match only"
Mycobacterium phage Shaka,JF792674,Mycobacterium smegmatis str. MC2 155,Bacteria,Actinobacteria,Actinobacteria,Corynebacteriales,Mycobacteriaceae,Mycobacterium,Mycobacterium smegmatis,"Specific host, 1 host genome match only"
Mycobacterium phage SWU1,JF946695,Mycobacterium smegmatis str. MC2 155,Bacteria,Actinobacteria,Actinobacteria,Corynebacteriales,Mycobacteriaceae,Mycobacterium,Mycobacterium smegmatis,"Specific host, 1 host genome match only"
Cyanophage MED4-184,JF974286,Prochlorococcus marinus MED4(Prochlorococcus marinus subsp. pastoris str. CCMP1986),Bacteria,Cyanobacteria,,Prochlorales,Prochlorococcaceae,Prochlorococcus,Prochlorococcus marinus,"Specific host, 1 host genome match only"
Synechococcus phage S-RIM8 A.HR1,JF974288,Synechococcus sp. WH 7803,Bacteria,Cyanobacteria,,Chroococcales,,Synechococcus,,"Specific host, 1 host genome match only"
Synechococcus phage S-RIM8 A.HR3,JF974289,Synechococcus sp. WH 7803,Bacteria,Cyanobacteria,,Chroococcales,,Synechococcus,,"Specific host, 1 host genome match only"
Cyanophage S-SSM2,JF974292,Synechococcus sp. WH 8102,Bacteria,Cyanobacteria,,Chroococcales,,Synechococcus,,"Specific host, 1 host genome match only"
Cyanophage KBS-M-1A,JF974293,Synechococcus sp. WH 7803,Bacteria,Cyanobacteria,,Chroococcales,,Synechococcus,,"Specific host, 1 host genome match only"
Cyanophage MED4-117,JF974321,Prochlorococcus marinus MED4(Prochlorococcus marinus subsp. pastoris str. CCMP1986),Bacteria,Cyanobacteria,,Prochlorales,Prochlorococcaceae,Prochlorococcus,Prochlorococcus marinus,"Specific host, 1 host genome match only"
Mycobacterium phage Doom,JN153085,Mycobacterium smegmatis str. MC2 155,Bacteria,Actinobacteria,Actinobacteria,Corynebacteriales,Mycobacteriaceae,Mycobacterium,Mycobacterium smegmatis,"Specific host, 1 host genome match only"
Mycobacterium phage Euphoria,JN153086,Mycobacterium smegmatis str. MC2 155,Bacteria,Actinobacteria,Actinobacteria,Corynebacteriales,Mycobacteriaceae,Mycobacterium,Mycobacterium smegmatis,"Specific host, 1 host genome match only"
Mycobacterium phage Oline,JN192463,Mycobacterium smegmatis str. MC2 155,Bacteria,Actinobacteria,Actinobacteria,Corynebacteriales,Mycobacteriaceae,Mycobacterium,Mycobacterium smegmatis,"Specific host, 1 host genome match only"
Mycobacterium phage Thibault,JN201525,Mycobacterium smegmatis str. MC2 155,Bacteria,Actinobacteria,Actinobacteria,Corynebacteriales,Mycobacteriaceae,Mycobacterium,Mycobacterium smegmatis,"Specific host, 1 host genome match only"
Mycobacterium phage Larva,JN243855,Mycobacterium smegmatis str. MC2 155,Bacteria,Actinobacteria,Actinobacteria,Corynebacteriales,Mycobacteriaceae,Mycobacterium,Mycobacterium smegmatis,"Specific host, 1 host genome match only"
Mycobacterium phage MeeZee,JN243856,Mycobacterium smegmatis str. MC2 155,Bacteria,Actinobacteria,Actinobacteria,Corynebacteriales,Mycobacteriaceae,Mycobacterium,Mycobacterium smegmatis,"Specific host, 1 host genome match only"
Mycobacterium phage Wile,JN243857,Mycobacterium smegmatis str. MC2 155,Bacteria,Actinobacteria,Actinobacteria,Corynebacteriales,Mycobacteriaceae,Mycobacterium,Mycobacterium smegmatis,"Specific host, 1 host genome match only"
Mycobacterium phage Charlie,JN256079,Mycobacterium smegmatis str. MC2 155,Bacteria,Actinobacteria,Actinobacteria,Corynebacteriales,Mycobacteriaceae,Mycobacterium,Mycobacterium smegmatis,"Specific host, 1 host genome match only"
Mycobacterium phage Lilac,JN382248,Mycobacterium smegmatis str. MC2 155,Bacteria,Actinobacteria,Actinobacteria,Corynebacteriales,Mycobacteriaceae,Mycobacterium,Mycobacterium smegmatis,"Specific host, 1 host genome match only"
Mycobacterium phage GUmbie,JN398368,Mycobacterium smegmatis str. MC2 155,Bacteria,Actinobacteria,Actinobacteria,Corynebacteriales,Mycobacteriaceae,Mycobacterium,Mycobacterium smegmatis,"Specific host, 1 host genome match only"
Mycobacterium phage RidgeCB,JN398369,Mycobacterium smegmatis str. MC2 155,Bacteria,Actinobacteria,Actinobacteria,Corynebacteriales,Mycobacteriaceae,Mycobacterium,Mycobacterium smegmatis,"Specific host, 1 host genome match only"
Mycobacterium phage Turbido,JN408460,Mycobacterium smegmatis str. MC2 155,Bacteria,Actinobacteria,Actinobacteria,Corynebacteriales,Mycobacteriaceae,Mycobacterium,Mycobacterium smegmatis,"Specific host, 1 host genome match only"
Mycobacterium phage Trixie,JN408461,Mycobacterium smegmatis str. MC2 155,Bacteria,Actinobacteria,Actinobacteria,Corynebacteriales,Mycobacteriaceae,Mycobacterium,Mycobacterium smegmatis,"Specific host, 1 host genome match only"
Mycobacterium phage Dandelion,JN412588,Mycobacterium smegmatis str. MC2 155,Bacteria,Actinobacteria,Actinobacteria,Corynebacteriales,Mycobacteriaceae,Mycobacterium,Mycobacterium smegmatis,"Specific host, 1 host genome match only"
Mycobacterium phage Patience,JN412589,Mycobacterium smegmatis str. MC2 155,Bacteria,Actinobacteria,Actinobacteria,Corynebacteriales,Mycobacteriaceae,Mycobacterium,Mycobacterium smegmatis,"Specific host, 1 host genome match only"
Mycobacterium phage BigNuz,JN412591,Mycobacterium smegmatis str. MC2 155,Bacteria,Actinobacteria,Actinobacteria,Corynebacteriales,Mycobacteriaceae,Mycobacterium,Mycobacterium smegmatis,"Specific host, 1 host genome match only"
Mycobacterium phage LinStu,JN412592,Mycobacterium smegmatis str. MC2 155,Bacteria,Actinobacteria,Actinobacteria,Corynebacteriales,Mycobacteriaceae,Mycobacterium,Mycobacterium smegmatis,"Specific host, 1 host genome match only"
Mycobacterium phage Liefie,JN412593,Mycobacterium smegmatis str. MC2 155,Bacteria,Actinobacteria,Actinobacteria,Corynebacteriales,Mycobacteriaceae,Mycobacterium,Mycobacterium smegmatis,"Specific host, 1 host genome match only"
Mycobacterium phage Drago,JN542517,Mycobacterium smegmatis str. MC2 155,Bacteria,Actinobacteria,Actinobacteria,Corynebacteriales,Mycobacteriaceae,Mycobacterium,Mycobacterium smegmatis,"Specific host, 1 host genome match only"
Mycobacterium phage TiroTheta9,JN561150,Mycobacterium smegmatis str. MC2 155,Bacteria,Actinobacteria,Actinobacteria,Corynebacteriales,Mycobacteriaceae,Mycobacterium,Mycobacterium smegmatis,"Specific host, 1 host genome match only"
Mycobacterium phage Perseus,JN572689,Mycobacterium smegmatis str. MC2 155,Bacteria,Actinobacteria,Actinobacteria,Corynebacteriales,Mycobacteriaceae,Mycobacterium,Mycobacterium smegmatis,"Specific host, 1 host genome match only"
Mycobacterium phage Pleione,JN624850,Mycobacterium smegmatis str. MC2 155,Bacteria,Actinobacteria,Actinobacteria,Corynebacteriales,Mycobacteriaceae,Mycobacterium,Mycobacterium smegmatis,"Specific host, 1 host genome match only"
Mycobacterium phage Redi,JN624851,Mycobacterium smegmatis str. MC2 155,Bacteria,Actinobacteria,Actinobacteria,Corynebacteriales,Mycobacteriaceae,Mycobacterium,Mycobacterium smegmatis,"Specific host, 1 host genome match only"
Mycobacterium phage BarrelRoll,JN643714,Mycobacterium smegmatis str. MC2 155,Bacteria,Actinobacteria,Actinobacteria,Corynebacteriales,Mycobacteriaceae,Mycobacterium,Mycobacterium smegmatis,"Specific host, 1 host genome match only"
Aeromonas phage phiAS7,JN651747,Aeromonas salmonicida subsp. salmonicida,Bacteria,Proteobacteria,Gammaproteobacteria,Aeromonadales,Aeromonadaceae,Aeromonas,Aeromonas salmonicida,"Specific host name, >1 host genome match"
Mycobacterium phage Dreamboat,JN660814,Mycobacterium smegmatis str. MC2 155,Bacteria,Actinobacteria,Actinobacteria,Corynebacteriales,Mycobacteriaceae,Mycobacterium,Mycobacterium smegmatis,"Specific host, 1 host genome match only"
Escherichia phage PhaxI,JN673056,Escherichia coli O157:H7,Bacteria,Proteobacteria,Gammaproteobacteria,Enterobacteriales,Enterobacteriaceae,Escherichia,Escherichia coli,"Specific host name, >1 host genome match"
Mycobacterium phage Rumpelstiltskin,JN680858,Mycobacterium smegmatis str. MC2 155,Bacteria,Actinobacteria,Actinobacteria,Corynebacteriales,Mycobacteriaceae,Mycobacterium,Mycobacterium smegmatis,"Specific host, 1 host genome match only"
Mycobacterium phage Violet,JN687951,Mycobacterium smegmatis str. MC2 155,Bacteria,Actinobacteria,Actinobacteria,Corynebacteriales,Mycobacteriaceae,Mycobacterium,Mycobacterium smegmatis,"Specific host, 1 host genome match only"
Mycobacterium phage JacAttac,JN698989,Mycobacterium smegmatis str. MC2 155,Bacteria,Actinobacteria,Actinobacteria,Corynebacteriales,Mycobacteriaceae,Mycobacterium,Mycobacterium smegmatis,"Specific host, 1 host genome match only"
Mycobacterium phage Gadjet,JN698992,Mycobacterium smegmatis str. MC2 155,Bacteria,Actinobacteria,Actinobacteria,Corynebacteriales,Mycobacteriaceae,Mycobacterium,Mycobacterium smegmatis,"Specific host, 1 host genome match only"
Mycobacterium phage Firecracker,JN698993,Mycobacterium smegmatis str. MC2 155,Bacteria,Actinobacteria,Actinobacteria,Corynebacteriales,Mycobacteriaceae,Mycobacterium,Mycobacterium smegmatis,"Specific host, 1 host genome match only"
Mycobacterium phage Dori,JN698995,Mycobacterium smegmatis str. MC2 155,Bacteria,Actinobacteria,Actinobacteria,Corynebacteriales,Mycobacteriaceae,Mycobacterium,Mycobacterium smegmatis,"Specific host, 1 host genome match only"
Mycobacterium phage DeadP,JN698996,Mycobacterium smegmatis str. MC2 155,Bacteria,Actinobacteria,Actinobacteria,Corynebacteriales,Mycobacteriaceae,Mycobacterium,Mycobacterium smegmatis,"Specific host, 1 host genome match only"
Mycobacterium phage Courthouse,JN698997,Mycobacterium smegmatis str. MC2 155,Bacteria,Actinobacteria,Actinobacteria,Corynebacteriales,Mycobacteriaceae,Mycobacterium,Mycobacterium smegmatis,"Specific host, 1 host genome match only"
Mycobacterium phage Bruns,JN698998,Mycobacterium smegmatis str. MC2 155,Bacteria,Actinobacteria,Actinobacteria,Corynebacteriales,Mycobacteriaceae,Mycobacterium,Mycobacterium smegmatis,"Specific host, 1 host genome match only"
Mycobacterium phage Blue7,JN698999,Mycobacterium smegmatis str. MC2 155,Bacteria,Actinobacteria,Actinobacteria,Corynebacteriales,Mycobacteriaceae,Mycobacterium,Mycobacterium smegmatis,"Specific host, 1 host genome match only"
Mycobacterium phage BillKnuckles,JN699000,Mycobacterium smegmatis str. MC2 155,Bacteria,Actinobacteria,Actinobacteria,Corynebacteriales,Mycobacteriaceae,Mycobacterium,Mycobacterium smegmatis,"Specific host, 1 host genome match only"
Mycobacterium phage Babsiella,JN699001,Mycobacterium smegmatis str. MC2 155,Bacteria,Actinobacteria,Actinobacteria,Corynebacteriales,Mycobacteriaceae,Mycobacterium,Mycobacterium smegmatis,"Specific host, 1 host genome match only"
Mycobacterium phage Alma,JN699005,Mycobacterium smegmatis str. MC2 155,Bacteria,Actinobacteria,Actinobacteria,Corynebacteriales,Mycobacteriaceae,Mycobacterium,Mycobacterium smegmatis,"Specific host, 1 host genome match only"
Mycobacterium phage Akoma,JN699006,Mycobacterium smegmatis str. MC2 155,Bacteria,Actinobacteria,Actinobacteria,Corynebacteriales,Mycobacteriaceae,Mycobacterium,Mycobacterium smegmatis,"Specific host, 1 host genome match only"
Mycobacterium phage Acadian,JN699007,Mycobacterium smegmatis str. MC2 155,Bacteria,Actinobacteria,Actinobacteria,Corynebacteriales,Mycobacteriaceae,Mycobacterium,Mycobacterium smegmatis,"Specific host, 1 host genome match only"
Mycobacterium phage Vista,JN699008,Mycobacterium smegmatis str. MC2 155,Bacteria,Actinobacteria,Actinobacteria,Corynebacteriales,Mycobacteriaceae,Mycobacterium,Mycobacterium smegmatis,"Specific host, 1 host genome match only"
Mycobacterium phage Stinger,JN699011,Mycobacterium smegmatis str. MC2 155,Bacteria,Actinobacteria,Actinobacteria,Corynebacteriales,Mycobacteriaceae,Mycobacterium,Mycobacterium smegmatis,"Specific host, 1 host genome match only"
Mycobacterium phage SG4,JN699012,Mycobacterium smegmatis str. MC2 155,Bacteria,Actinobacteria,Actinobacteria,Corynebacteriales,Mycobacteriaceae,Mycobacterium,Mycobacterium smegmatis,"Specific host, 1 host genome match only"
Mycobacterium phage Nova,JN699014,Mycobacterium smegmatis str. MC2 155,Bacteria,Actinobacteria,Actinobacteria,Corynebacteriales,Mycobacteriaceae,Mycobacterium,Mycobacterium smegmatis,"Specific host, 1 host genome match only"
Mycobacterium phage LHTSCC,JN699015,Mycobacterium smegmatis str. MC2 155,Bacteria,Actinobacteria,Actinobacteria,Corynebacteriales,Mycobacteriaceae,Mycobacterium,Mycobacterium smegmatis,"Specific host, 1 host genome match only"
Mycobacterium phage Kugel,JN699016,Mycobacterium smegmatis str. MC2 155,Bacteria,Actinobacteria,Actinobacteria,Corynebacteriales,Mycobacteriaceae,Mycobacterium,Mycobacterium smegmatis,"Specific host, 1 host genome match only"
Mycobacterium phage MoMoMixon,JN699626,Mycobacterium smegmatis str. MC2 155,Bacteria,Actinobacteria,Actinobacteria,Corynebacteriales,Mycobacteriaceae,Mycobacterium,Mycobacterium smegmatis,"Specific host, 1 host genome match only"
Mycobacterium phage Nappy,JN699627,Mycobacterium smegmatis str. MC2 155,Bacteria,Actinobacteria,Actinobacteria,Corynebacteriales,Mycobacteriaceae,Mycobacterium,Mycobacterium smegmatis,"Specific host, 1 host genome match only"
Brucella phage Tb,JN939331,Brucella abortus 544,Bacteria,Proteobacteria,Alphaproteobacteria,Rhizobiales,Brucellaceae,Brucella,Brucella abortus,"Specific host name, >1 host genome match"
Brucella phage Pr,JN939332,Brucella melitensis 16M,Bacteria,Proteobacteria,Alphaproteobacteria,Rhizobiales,Brucellaceae,Brucella,Brucella melitensis,"Specific host name, >1 host genome match"
Pectobacterium phage phiTE,JQ015307,Pectobacterium atrosepticum SCRI1043,Bacteria,Proteobacteria,Gammaproteobacteria,Enterobacteriales,Enterobacteriaceae,Pectobacterium,Pectobacterium atrosepticum,"Specific host, 1 host genome match only"
Bacillus phage phIS3501,JQ062992,Bacillus thuringiensis serovar israelensis ATCC 35646,Bacteria,Firmicutes,Bacilli,Bacillales,Bacillaceae,Bacillus,Bacillus thuringiensis,"Specific host, 1 host genome match only"
Cyanophage S-TIM5,JQ245707,Synechococcus sp. WH 8102,Bacteria,Cyanobacteria,,Chroococcales,,Synechococcus,,"Specific host, 1 host genome match only"
Agrobacterium phage 7-7-1,JQ312117,Agrobacterium sp. H13-3,Bacteria,Proteobacteria,Alphaproteobacteria,Rhizobiales,Rhizobiaceae,Agrobacterium,,"Specific host, 1 host genome match only"
Pseudomonas phage MP42,JQ762257,Pseudomonas aeruginosa PA14,Bacteria,Proteobacteria,Gammaproteobacteria,Pseudomonadales,Pseudomonadaceae,Pseudomonas,Pseudomonas aeruginosa,"Specific host, 1 host genome match only"
Mycobacterium phage Flux,JQ809701,Mycobacterium smegmatis str. MC2 155,Bacteria,Actinobacteria,Actinobacteria,Corynebacteriales,Mycobacteriaceae,Mycobacterium,Mycobacterium smegmatis,"Specific host, 1 host genome match only"
Mycobacterium phage Avani,JQ809702,Mycobacterium smegmatis str. MC2 155,Bacteria,Actinobacteria,Actinobacteria,Corynebacteriales,Mycobacteriaceae,Mycobacterium,Mycobacterium smegmatis,"Specific host, 1 host genome match only"
Mycobacterium phage Aeneas,JQ809703,Mycobacterium smegmatis str. MC2 155,Bacteria,Actinobacteria,Actinobacteria,Corynebacteriales,Mycobacteriaceae,Mycobacterium,Mycobacterium smegmatis,"Specific host, 1 host genome match only"
Croceibacter phage P2559S,JQ867099,Croceibacter atlanticus HTCC2559,Bacteria,Bacteroidetes,Flavobacteriia,Flavobacteriales,Flavobacteriaceae,Croceibacter,Croceibacter atlanticus,"Specific host, 1 host genome match only"
Salmonella phage SSU5,JQ965645,Salmonella enterica subsp. enterica serovar Typhimurium str. LT2,Bacteria,Proteobacteria,Gammaproteobacteria,Enterobacteriales,Enterobacteriaceae,Salmonella,Salmonella enterica,"Specific host, 1 host genome match only"
Mycobacterium phage Taj,JX121091,Mycobacterium smegmatis str. MC2 155,Bacteria,Actinobacteria,Actinobacteria,Corynebacteriales,Mycobacteriaceae,Mycobacterium,Mycobacterium smegmatis,"Specific host, 1 host genome match only"
Escherichia phage ECML-4,JX128257,Escherichia coli O157:H7,Bacteria,Proteobacteria,Gammaproteobacteria,Enterobacteriales,Enterobacteriaceae,Escherichia,Escherichia coli,"Specific host name, >1 host genome match"
Escherichia phage ECML-117,JX128258,Escherichia coli O157:H7,Bacteria,Proteobacteria,Gammaproteobacteria,Enterobacteriales,Enterobacteriaceae,Escherichia,Escherichia coli,"Specific host name, >1 host genome match"
Escherichia phage ECML-134,JX128259,Escherichia coli O157:H7,Bacteria,Proteobacteria,Gammaproteobacteria,Enterobacteriales,Enterobacteriaceae,Escherichia,Escherichia coli,"Specific host name, >1 host genome match"
Pseudomonas phage MP1412,JX131330,Pseudomonas aeruginosa PAO1,Bacteria,Proteobacteria,Gammaproteobacteria,Pseudomonadales,Pseudomonadaceae,Pseudomonas,Pseudomonas aeruginosa,"Specific host name, >1 host genome match"
Caulobacter phage phiCbK,JX163858,Caulobacter crescentus CB15,Bacteria,Proteobacteria,Alphaproteobacteria,Caulobacterales,Caulobacteraceae,Caulobacter,Caulobacter vibrioides,"Specific host, 1 host genome match only"
Streptomyces phage phiHau3,JX182369,Streptomyces coelicolor A3(2),Bacteria,Actinobacteria,Actinobacteria,Streptomycetales,Streptomycetaceae,Streptomyces,Streptomyces coelicolor,"Specific host, 1 host genome match only"
Streptomyces phage R4,JX182370,Streptomyces coelicolor A3(2),Bacteria,Actinobacteria,Actinobacteria,Streptomycetales,Streptomycetaceae,Streptomyces,Streptomyces coelicolor,"Specific host, 1 host genome match only"
Providencia phage Redjac,JX296113,Providencia stuartii MRSN 2154,Bacteria,Proteobacteria,Gammaproteobacteria,Enterobacteriales,Enterobacteriaceae,Providencia,Providencia stuartii,"Specific host, 1 host genome match only"
Mycobacterium phage Sabertooth,JX307703,Mycobacterium smegmatis str. MC2 155,Bacteria,Actinobacteria,Actinobacteria,Corynebacteriales,Mycobacteriaceae,Mycobacterium,Mycobacterium smegmatis,"Specific host, 1 host genome match only"
Pseudomonas phage MPK7,JX501340,Pseudomonas aeruginosa PAO1,Bacteria,Proteobacteria,Gammaproteobacteria,Pseudomonadales,Pseudomonadaceae,Pseudomonas,Pseudomonas aeruginosa,"Specific host name, >1 host genome match"
Campylobacter phage CP30A,JX569801,Campylobacter jejuni subsp. jejuni,Bacteria,Proteobacteria,Epsilonproteobacteria,Campylobacterales,Campylobacteraceae,Campylobacter,Campylobacter jejuni,"Specific host name, >1 host genome match"
Enterobacteria phage JL1,JX865427,Escherichia coli O157:H7,Bacteria,Proteobacteria,Gammaproteobacteria,Enterobacteriales,Enterobacteriaceae,Escherichia,Escherichia coli,"Specific host name, >1 host genome match"
Mycobacterium phage First,JX899358,Mycobacterium smegmatis str. MC2 155,Bacteria,Actinobacteria,Actinobacteria,Corynebacteriales,Mycobacteriaceae,Mycobacterium,Mycobacterium smegmatis,"Specific host, 1 host genome match only"
Cronobacter phage vB_CskP_GAP227,KC107834,Cronobacter sakazakii strain 51329(Cronobacter muytjensii ATCC 51329),Bacteria,Proteobacteria,Gammaproteobacteria,Enterobacteriales,Enterobacteriaceae,Cronobacter,Cronobacter muytjensii,"Specific host, 1 host genome match only"
Halovirus PH1,KC252997,Haloarcula hispanica ATCC 33960,Archaea,Euryarchaeota,Halobacteria,Halobacteriales,Halobacteriaceae,Haloarcula,Haloarcula hispanica,"Specific host, 1 host genome match only"
Synechococcus phage S-CBP1,KC310802,Synechococcus sp. CB0101,Bacteria,Cyanobacteria,,Chroococcales,,Synechococcus,,"Specific host, 1 host genome match only"
Synechococcus phage S-CBP3,KC310803,Synechococcus sp. CB0101,Bacteria,Cyanobacteria,,Chroococcales,,Synechococcus,,"Specific host, 1 host genome match only"
Synechococcus phage S-CBP4,KC310804,Synechococcus sp. CB0101,Bacteria,Cyanobacteria,,Chroococcales,,Synechococcus,,"Specific host, 1 host genome match only"
Pelagibacter phage HTVC010P,KC465898,Candidatus Pelagibacter ubique HTCC1062,Bacteria,Proteobacteria,Alphaproteobacteria,,,Candidatus Pelagibacter,Candidatus Pelagibacter ubique,"Specific host, 1 host genome match only"
Pelagibacter phage HTVC008M,KC465899,Candidatus Pelagibacter ubique HTCC1062,Bacteria,Proteobacteria,Alphaproteobacteria,,,Candidatus Pelagibacter,Candidatus Pelagibacter ubique,"Specific host, 1 host genome match only"
Pelagibacter phage HTVC011P,KC465900,Candidatus Pelagibacter ubique HTCC1062,Bacteria,Proteobacteria,Alphaproteobacteria,,,Candidatus Pelagibacter,Candidatus Pelagibacter ubique,"Specific host, 1 host genome match only"
Pelagibacter phage HTVC019P,KC465901,Candidatus Pelagibacter ubique HTCC1062,Bacteria,Proteobacteria,Alphaproteobacteria,,,Candidatus Pelagibacter,Candidatus Pelagibacter ubique,"Specific host, 1 host genome match only"
Lactococcus phage CaseusJM1,KC522412,Lactococcus lactis subsp. cremoris,Bacteria,Firmicutes,Bacilli,Lactobacillales,Streptococcaceae,Lactococcus,Lactococcus lactis,"Specific host name, >1 host genome match"
Mycobacterium phage Butters,KC576783,Mycobacterium smegmatis str. MC2 155,Bacteria,Actinobacteria,Actinobacteria,Corynebacteriales,Mycobacteriaceae,Mycobacterium,Mycobacterium smegmatis,"Specific host, 1 host genome match only"
Mycobacterium phage ShiVal,KC576784,Mycobacterium smegmatis str. MC2 155,Bacteria,Actinobacteria,Actinobacteria,Corynebacteriales,Mycobacteriaceae,Mycobacterium,Mycobacterium smegmatis,"Specific host, 1 host genome match only"
Mycobacterium phage Dhanush,KC661271,Mycobacterium smegmatis str. MC2 155,Bacteria,Actinobacteria,Actinobacteria,Corynebacteriales,Mycobacteriaceae,Mycobacterium,Mycobacterium smegmatis,"Specific host, 1 host genome match only"
Mycobacterium phage Methuselah,KC661272,Mycobacterium smegmatis str. MC2 155,Bacteria,Actinobacteria,Actinobacteria,Corynebacteriales,Mycobacteriaceae,Mycobacterium,Mycobacterium smegmatis,"Specific host, 1 host genome match only"
Mycobacterium phage PattyP,KC661273,Mycobacterium smegmatis str. MC2 155,Bacteria,Actinobacteria,Actinobacteria,Corynebacteriales,Mycobacteriaceae,Mycobacterium,Mycobacterium smegmatis,"Specific host, 1 host genome match only"
Mycobacterium phage SDcharge11,KC661274,Mycobacterium smegmatis str. MC2 155,Bacteria,Actinobacteria,Actinobacteria,Corynebacteriales,Mycobacteriaceae,Mycobacterium,Mycobacterium smegmatis,"Specific host, 1 host genome match only"
Mycobacterium phage HINdeR,KC661275,Mycobacterium smegmatis str. MC2 155,Bacteria,Actinobacteria,Actinobacteria,Corynebacteriales,Mycobacteriaceae,Mycobacterium,Mycobacterium smegmatis,"Specific host, 1 host genome match only"
Mycobacterium phage Winky,KC661276,Mycobacterium smegmatis str. MC2 155,Bacteria,Actinobacteria,Actinobacteria,Corynebacteriales,Mycobacteriaceae,Mycobacterium,Mycobacterium smegmatis,"Specific host, 1 host genome match only"
Mycobacterium phage Phrux,KC661277,Mycobacterium smegmatis str. MC2 155,Bacteria,Actinobacteria,Actinobacteria,Corynebacteriales,Mycobacteriaceae,Mycobacterium,Mycobacterium smegmatis,"Specific host, 1 host genome match only"
Mycobacterium phage SiSi,KC661278,Mycobacterium smegmatis str. MC2 155,Bacteria,Actinobacteria,Actinobacteria,Corynebacteriales,Mycobacteriaceae,Mycobacterium,Mycobacterium smegmatis,"Specific host, 1 host genome match only"
Mycobacterium phage Severus,KC661279,Mycobacterium smegmatis str. MC2 155,Bacteria,Actinobacteria,Actinobacteria,Corynebacteriales,Mycobacteriaceae,Mycobacterium,Mycobacterium smegmatis,"Specific host, 1 host genome match only"
Mycobacterium phage Job42,KC661280,Mycobacterium smegmatis str. MC2 155,Bacteria,Actinobacteria,Actinobacteria,Corynebacteriales,Mycobacteriaceae,Mycobacterium,Mycobacterium smegmatis,"Specific host, 1 host genome match only"
Mycobacterium phage Jobu08,KC661281,Mycobacterium smegmatis str. MC2 155,Bacteria,Actinobacteria,Actinobacteria,Corynebacteriales,Mycobacteriaceae,Mycobacterium,Mycobacterium smegmatis,"Specific host, 1 host genome match only"
Salmonella phage iEPS5,KC677662,Salmonella enterica subsp. enterica serovar Typhimurium str. SL1344,Bacteria,Proteobacteria,Gammaproteobacteria,Enterobacteriales,Enterobacteriaceae,Salmonella,Salmonella enterica,"Specific host, 1 host genome match only"
Croceibacter phage P2559Y,KC688701,Croceibacter atlanticus HTCC2559,Bacteria,Bacteroidetes,Flavobacteriia,Flavobacteriales,Flavobacteriaceae,Croceibacter,Croceibacter atlanticus,"Specific host, 1 host genome match only"
Mycobacterium phage Breezona,KC691254,Mycobacterium smegmatis str. MC2 155,Bacteria,Actinobacteria,Actinobacteria,Corynebacteriales,Mycobacteriaceae,Mycobacterium,Mycobacterium smegmatis,"Specific host, 1 host genome match only"
Mycobacterium phage Dumbo,KC691255,Mycobacterium smegmatis str. MC2 155,Bacteria,Actinobacteria,Actinobacteria,Corynebacteriales,Mycobacteriaceae,Mycobacterium,Mycobacterium smegmatis,"Specific host, 1 host genome match only"
Mycobacterium phage Fishburne,KC691256,Mycobacterium smegmatis str. MC2 155,Bacteria,Actinobacteria,Actinobacteria,Corynebacteriales,Mycobacteriaceae,Mycobacterium,Mycobacterium smegmatis,"Specific host, 1 host genome match only"
Mycobacterium phage Astraea,KC691257,Mycobacterium smegmatis str. MC2 155,Bacteria,Actinobacteria,Actinobacteria,Corynebacteriales,Mycobacteriaceae,Mycobacterium,Mycobacterium smegmatis,"Specific host, 1 host genome match only"
Mycobacterium phage Newman,KC691258,Mycobacterium smegmatis str. MC2 155,Bacteria,Actinobacteria,Actinobacteria,Corynebacteriales,Mycobacteriaceae,Mycobacterium,Mycobacterium smegmatis,"Specific host, 1 host genome match only"
Mycobacterium phage CASbig,KC701493,Mycobacterium smegmatis str. MC2 155,Bacteria,Actinobacteria,Actinobacteria,Corynebacteriales,Mycobacteriaceae,Mycobacterium,Mycobacterium smegmatis,"Specific host, 1 host genome match only"
Mycobacterium phage WIVsmall,KC736071,Mycobacterium smegmatis str. MC2 155,Bacteria,Actinobacteria,Actinobacteria,Corynebacteriales,Mycobacteriaceae,Mycobacterium,Mycobacterium smegmatis,"Specific host, 1 host genome match only"
Mycobacterium phage Gizmo,KC748968,Mycobacterium smegmatis str. MC2 155,Bacteria,Actinobacteria,Actinobacteria,Corynebacteriales,Mycobacteriaceae,Mycobacterium,Mycobacterium smegmatis,"Specific host, 1 host genome match only"
Mycobacterium phage Phaux,KC748969,Mycobacterium smegmatis str. MC2 155,Bacteria,Actinobacteria,Actinobacteria,Corynebacteriales,Mycobacteriaceae,Mycobacterium,Mycobacterium smegmatis,"Specific host, 1 host genome match only"
Mycobacterium phage ArcherS7,KC748970,Mycobacterium smegmatis str. MC2 155,Bacteria,Actinobacteria,Actinobacteria,Corynebacteriales,Mycobacteriaceae,Mycobacterium,Mycobacterium smegmatis,"Specific host, 1 host genome match only"
Mycobacterium phage Murphy,KC748971,Mycobacterium smegmatis str. MC2 155,Bacteria,Actinobacteria,Actinobacteria,Corynebacteriales,Mycobacteriaceae,Mycobacterium,Mycobacterium smegmatis,"Specific host, 1 host genome match only"
Escherichia phage Lw1,KC801932,Escherichia coli BL21(DE3),Bacteria,Proteobacteria,Gammaproteobacteria,Enterobacteriales,Enterobacteriaceae,Escherichia,Escherichia coli,"Specific host, 1 host genome match only"
Cellulophaga phage phi38:1,KC821614,Cellulophaga baltica NN016038,Bacteria,Bacteroidetes,Flavobacteriia,Flavobacteriales,Flavobacteriaceae,Cellulophaga,Cellulophaga baltica,"Specific host, 1 host genome match only"
Cellulophaga phage phi18:1,KC821619,Cellulophaga baltica #18,Bacteria,Bacteroidetes,Flavobacteriia,Flavobacteriales,Flavobacteriaceae,Cellulophaga,Cellulophaga baltica,"Specific host, 1 host genome match only"
Cellulophaga phage phi18:3,KC821620,Cellulophaga baltica #18,Bacteria,Bacteroidetes,Flavobacteriia,Flavobacteriales,Flavobacteriaceae,Cellulophaga,Cellulophaga baltica,"Specific host, 1 host genome match only"
Cellulophaga phage phi13:1,KC821625,Cellulophaga baltica #13,Bacteria,Bacteroidetes,Flavobacteriia,Flavobacteriales,Flavobacteriaceae,Cellulophaga,Cellulophaga baltica,"Specific host, 1 host genome match only"
Cellulophaga phage phi18:2,KC821627,Cellulophaga baltica #18,Bacteria,Bacteroidetes,Flavobacteriia,Flavobacteriales,Flavobacteriaceae,Cellulophaga,Cellulophaga baltica,"Specific host, 1 host genome match only"
Cellulophaga phage phi18:4,KC821628,Cellulophaga baltica #18,Bacteria,Bacteroidetes,Flavobacteriia,Flavobacteriales,Flavobacteriaceae,Cellulophaga,Cellulophaga baltica,"Specific host, 1 host genome match only"
Cellulophaga phage phi38:2,KC821629,Cellulophaga baltica NN016038,Bacteria,Bacteroidetes,Flavobacteriia,Flavobacteriales,Flavobacteriaceae,Cellulophaga,Cellulophaga baltica,"Specific host, 1 host genome match only"
Cellulophaga phage phi4:1,KC821632,Cellulophaga baltica #4,Bacteria,Bacteroidetes,Flavobacteriia,Flavobacteriales,Flavobacteriaceae,Cellulophaga,Cellulophaga baltica,"Specific host, 1 host genome match only"
Cellulophaga phage phi13:2,KC821633,Cellulophaga baltica #13,Bacteria,Bacteroidetes,Flavobacteriia,Flavobacteriales,Flavobacteriaceae,Cellulophaga,Cellulophaga baltica,"Specific host, 1 host genome match only"
Burkholderia phage JG068,KC853746,Burkholderia cenocepacia K56-2,Bacteria,Proteobacteria,Betaproteobacteria,Burkholderiales,Burkholderiaceae,Burkholderia,Burkholderia cenocepacia,"Specific host name, >1 host genome match"
Pseudomonas phage PAK_P1,KC862297,Pseudomonas aeruginosa PAK,Bacteria,Proteobacteria,Gammaproteobacteria,Pseudomonadales,Pseudomonadaceae,Pseudomonas,Pseudomonas aeruginosa,"Specific host, 1 host genome match only"
Pseudomonas phage PAK_P2,KC862298,Pseudomonas aeruginosa PAK,Bacteria,Proteobacteria,Gammaproteobacteria,Pseudomonadales,Pseudomonadaceae,Pseudomonas,Pseudomonas aeruginosa,"Specific host, 1 host genome match only"
Pseudomonas phage PAK_P3,KC862299,Pseudomonas aeruginosa PAK,Bacteria,Proteobacteria,Gammaproteobacteria,Pseudomonadales,Pseudomonadaceae,Pseudomonas,Pseudomonas aeruginosa,"Specific host, 1 host genome match only"
Pseudomonas phage PAK_P4,KC862300,Pseudomonas aeruginosa PAK,Bacteria,Proteobacteria,Gammaproteobacteria,Pseudomonadales,Pseudomonadaceae,Pseudomonas,Pseudomonas aeruginosa,"Specific host, 1 host genome match only"
Pseudomonas phage PAK_P5,KC862301,Pseudomonas aeruginosa PAK,Bacteria,Proteobacteria,Gammaproteobacteria,Pseudomonadales,Pseudomonadaceae,Pseudomonas,Pseudomonas aeruginosa,"Specific host, 1 host genome match only"
Mycobacterium phage PegLeg,KC900379,Mycobacterium smegmatis str. MC2 155,Bacteria,Actinobacteria,Actinobacteria,Corynebacteriales,Mycobacteriaceae,Mycobacterium,Mycobacterium smegmatis,"Specific host, 1 host genome match only"
Salmonella phage SPC32H,KC911856,Salmonella enterica subsp. enterica serovar Typhimurium str. LT2,Bacteria,Proteobacteria,Gammaproteobacteria,Enterobacteriales,Enterobacteriaceae,Salmonella,Salmonella enterica,"Specific host, 1 host genome match only"
Salmonella phage SPC32N,KC911857,Salmonella enterica subsp. enterica serovar Typhimurium str. LT2,Bacteria,Proteobacteria,Gammaproteobacteria,Enterobacteriales,Enterobacteriaceae,Salmonella,Salmonella enterica,"Specific host, 1 host genome match only"
Alteromonas phage vB_AmaP_AD45-P1,KF005317,Alteromonas macleodii str. 'Balearic Sea AD45',Bacteria,Proteobacteria,Gammaproteobacteria,Alteromonadales,Alteromonadaceae,Alteromonas,Alteromonas macleodii,"Specific host, 1 host genome match only"
Alteromonas phage vB_AmaP_AD45-P3,KF005318,Alteromonas macleodii str. 'Balearic Sea AD45',Bacteria,Proteobacteria,Gammaproteobacteria,Alteromonadales,Alteromonadaceae,Alteromonas,Alteromonas macleodii,"Specific host, 1 host genome match only"
Alteromonas phage vB_AmaP_AD45-P4,KF005319,Alteromonas macleodii str. 'Balearic Sea AD45',Bacteria,Proteobacteria,Gammaproteobacteria,Alteromonadales,Alteromonadaceae,Alteromonas,Alteromonas macleodii,"Specific host, 1 host genome match only"
Alteromonas phage vB_AmaP_AD45-P2,KF005320,Alteromonas macleodii str. 'Balearic Sea AD45',Bacteria,Proteobacteria,Gammaproteobacteria,Alteromonadales,Alteromonadaceae,Alteromonas,Alteromonas macleodii,"Specific host, 1 host genome match only"
Mycobacterium phage Wanda,KF006818,Mycobacterium smegmatis str. MC2 155,Bacteria,Actinobacteria,Actinobacteria,Corynebacteriales,Mycobacteriaceae,Mycobacterium,Mycobacterium smegmatis,"Specific host, 1 host genome match only"
Mycobacterium phage LittleCherry,KF017001,Mycobacterium smegmatis str. MC2 155,Bacteria,Actinobacteria,Actinobacteria,Corynebacteriales,Mycobacteriaceae,Mycobacterium,Mycobacterium smegmatis,"Specific host, 1 host genome match only"
Mycobacterium phage Catdawg,KF017002,Mycobacterium smegmatis str. MC2 155,Bacteria,Actinobacteria,Actinobacteria,Corynebacteriales,Mycobacteriaceae,Mycobacterium,Mycobacterium smegmatis,"Specific host, 1 host genome match only"
Mycobacterium phage Jabbawokkie,KF017003,Mycobacterium smegmatis str. MC2 155,Bacteria,Actinobacteria,Actinobacteria,Corynebacteriales,Mycobacteriaceae,Mycobacterium,Mycobacterium smegmatis,"Specific host, 1 host genome match only"
Mycobacteriophage Velveteen,KF017004,Mycobacterium smegmatis str. MC2 155,Bacteria,Actinobacteria,Actinobacteria,Corynebacteriales,Mycobacteriaceae,Mycobacterium,Mycobacterium smegmatis,"Specific host, 1 host genome match only"
Mycobacteriophage Daenerys,KF017005,Mycobacterium smegmatis str. MC2 155,Bacteria,Actinobacteria,Actinobacteria,Corynebacteriales,Mycobacteriaceae,Mycobacterium,Mycobacterium smegmatis,"Specific host, 1 host genome match only"
Mycobacterium phage AnnaL29,KF024721,Mycobacterium smegmatis str. MC2 155,Bacteria,Actinobacteria,Actinobacteria,Corynebacteriales,Mycobacteriaceae,Mycobacterium,Mycobacterium smegmatis,"Specific host, 1 host genome match only"
Mycobacterium phage Hamulus,KF024723,Mycobacterium smegmatis str. MC2 155,Bacteria,Actinobacteria,Actinobacteria,Corynebacteriales,Mycobacteriaceae,Mycobacterium,Mycobacterium smegmatis,"Specific host, 1 host genome match only"
Mycobacterium phage Trouble,KF024724,Mycobacterium smegmatis str. MC2 155,Bacteria,Actinobacteria,Actinobacteria,Corynebacteriales,Mycobacteriaceae,Mycobacterium,Mycobacterium smegmatis,"Specific host, 1 host genome match only"
Mycobacterium phage Whirlwind,KF024725,Mycobacterium smegmatis str. MC2 155,Bacteria,Actinobacteria,Actinobacteria,Corynebacteriales,Mycobacteriaceae,Mycobacterium,Mycobacterium smegmatis,"Specific host, 1 host genome match only"
Mycobacterium phage Sarfire,KF024726,Mycobacterium smegmatis str. MC2 155,Bacteria,Actinobacteria,Actinobacteria,Corynebacteriales,Mycobacteriaceae,Mycobacterium,Mycobacterium smegmatis,"Specific host, 1 host genome match only"
Mycobacterium phage Reprobate,KF024727,Mycobacterium smegmatis str. MC2 155,Bacteria,Actinobacteria,Actinobacteria,Corynebacteriales,Mycobacteriaceae,Mycobacterium,Mycobacterium smegmatis,"Specific host, 1 host genome match only"
Mycobacterium phage Muddy,KF024728,Mycobacterium smegmatis str. MC2 155,Bacteria,Actinobacteria,Actinobacteria,Corynebacteriales,Mycobacteriaceae,Mycobacterium,Mycobacterium smegmatis,"Specific host, 1 host genome match only"
Mycobacterium phage KayaCho,KF024729,Mycobacterium smegmatis str. MC2 155,Bacteria,Actinobacteria,Actinobacteria,Corynebacteriales,Mycobacteriaceae,Mycobacterium,Mycobacterium smegmatis,"Specific host, 1 host genome match only"
Mycobacterium phage Dylan,KF024730,Mycobacterium smegmatis str. MC2 155,Bacteria,Actinobacteria,Actinobacteria,Corynebacteriales,Mycobacteriaceae,Mycobacterium,Mycobacterium smegmatis,"Specific host, 1 host genome match only"
Mycobacterium phage Crossroads,KF024731,Mycobacterium smegmatis str. MC2 155,Bacteria,Actinobacteria,Actinobacteria,Corynebacteriales,Mycobacteriaceae,Mycobacterium,Mycobacterium smegmatis,"Specific host, 1 host genome match only"
Mycobacterium phage Contagion,KF024732,Mycobacterium smegmatis str. MC2 155,Bacteria,Actinobacteria,Actinobacteria,Corynebacteriales,Mycobacteriaceae,Mycobacterium,Mycobacterium smegmatis,"Specific host, 1 host genome match only"
Mycobacterium phage Medusa,KF024733,Mycobacterium smegmatis str. MC2 155,Bacteria,Actinobacteria,Actinobacteria,Corynebacteriales,Mycobacteriaceae,Mycobacterium,Mycobacterium smegmatis,"Specific host, 1 host genome match only"
Haloarcula hispanica pleomorphic virus 2,KF056323,Haloarcula hispanica ATCC 33960,Archaea,Euryarchaeota,Halobacteria,Halobacteriales,Halobacteriaceae,Haloarcula,Haloarcula hispanica,"Specific host, 1 host genome match only"
Mycobacterium phage Bobi,KF114874,Mycobacterium smegmatis str. MC2 155,Bacteria,Actinobacteria,Actinobacteria,Corynebacteriales,Mycobacteriaceae,Mycobacterium,Mycobacterium smegmatis,"Specific host, 1 host genome match only"
Mycobacterium phage Redno2,KF114875,Mycobacterium smegmatis str. MC2 155,Bacteria,Actinobacteria,Actinobacteria,Corynebacteriales,Mycobacteriaceae,Mycobacterium,Mycobacterium smegmatis,"Specific host, 1 host genome match only"
Pseudomonas phage PaBG,KF147891,Pseudomonas aeruginosa PAO1,Bacteria,Proteobacteria,Gammaproteobacteria,Pseudomonadales,Pseudomonadaceae,Pseudomonas,Pseudomonas aeruginosa,"Specific host name, >1 host genome match"
Campylobacter phage CP8,KF148616,Campylobacter jejuni subsp. jejuni,Bacteria,Proteobacteria,Epsilonproteobacteria,Campylobacterales,Campylobacteraceae,Campylobacter,Campylobacter jejuni,"Specific host name, >1 host genome match"
Synechococcus phage S-MbCM7,KF156338,Synechococcus sp. WH 7803,Bacteria,Cyanobacteria,,Chroococcales,,Synechococcus,,"Specific host, 1 host genome match only"
Synechococcus phage S-MbCM25,KF156339,Synechococcus sp. WH 7803,Bacteria,Cyanobacteria,,Chroococcales,,Synechococcus,,"Specific host, 1 host genome match only"
Synechococcus phage S-MbCM100,KF156340,Synechococcus sp. WH 7803,Bacteria,Cyanobacteria,,Chroococcales,,Synechococcus,,"Specific host, 1 host genome match only"
Oenococcus phage phiS11,KF183314,Oenococcus oeni S11,Bacteria,Firmicutes,Bacilli,Lactobacillales,Leuconostocaceae,Oenococcus,Oenococcus oeni,"Specific host, 1 host genome match only"
Oenococcus phage phiS13,KF183315,Oenococcus oeni S13,Bacteria,Firmicutes,Bacilli,Lactobacillales,Leuconostocaceae,Oenococcus,Oenococcus oeni,"Specific host, 1 host genome match only"
Lactobacillus phage phiLdb,KF188410,Lactobacillus delbrueckii ATCC 11842,Bacteria,Firmicutes,Bacilli,Lactobacillales,Lactobacillaceae,Lactobacillus,Lactobacillus delbrueckii,"Specific host, 1 host genome match only"
Mycobacterium phage Adawi,KF279411,Mycobacterium smegmatis str. MC2 155,Bacteria,Actinobacteria,Actinobacteria,Corynebacteriales,Mycobacteriaceae,Mycobacterium,Mycobacterium smegmatis,"Specific host, 1 host genome match only"
Mycobacterium phage Bane1,KF279412,Mycobacterium smegmatis str. MC2 155,Bacteria,Actinobacteria,Actinobacteria,Corynebacteriales,Mycobacteriaceae,Mycobacterium,Mycobacterium smegmatis,"Specific host, 1 host genome match only"
Mycobacterium phage Bane2,KF279413,Mycobacterium smegmatis str. MC2 155,Bacteria,Actinobacteria,Actinobacteria,Corynebacteriales,Mycobacteriaceae,Mycobacterium,Mycobacterium smegmatis,"Specific host, 1 host genome match only"
Mycobacterium phage Fredward,KF279414,Mycobacterium smegmatis str. MC2 155,Bacteria,Actinobacteria,Actinobacteria,Corynebacteriales,Mycobacteriaceae,Mycobacterium,Mycobacterium smegmatis,"Specific host, 1 host genome match only"
Mycobacterium phage PhrostyMug,KF279415,Mycobacterium smegmatis str. MC2 155,Bacteria,Actinobacteria,Actinobacteria,Corynebacteriales,Mycobacteriaceae,Mycobacterium,Mycobacterium smegmatis,"Specific host, 1 host genome match only"
Mycobacterium phage SargentShorty9,KF279416,Mycobacterium smegmatis str. MC2 155,Bacteria,Actinobacteria,Actinobacteria,Corynebacteriales,Mycobacteriaceae,Mycobacterium,Mycobacterium smegmatis,"Specific host, 1 host genome match only"
Mycobacterium phage Quink,KF279417,Mycobacterium smegmatis str. MC2 155,Bacteria,Actinobacteria,Actinobacteria,Corynebacteriales,Mycobacteriaceae,Mycobacterium,Mycobacterium smegmatis,"Specific host, 1 host genome match only"
Caulobacter phage Cr30,KF301602,Caulobacter crescentus CB15,Bacteria,Proteobacteria,Alphaproteobacteria,Caulobacterales,Caulobacteraceae,Caulobacter,Caulobacter vibrioides,"Specific host, 1 host genome match only"
Mycobacterium phage DrDrey,KF306380,Mycobacterium smegmatis str. MC2 155,Bacteria,Actinobacteria,Actinobacteria,Corynebacteriales,Mycobacteriaceae,Mycobacterium,Mycobacterium smegmatis,"Specific host, 1 host genome match only"
Enterobacteria phage fiAA91-ss,KF322032,Escherichia coli O157:H7,Bacteria,Proteobacteria,Gammaproteobacteria,Enterobacteriales,Enterobacteriaceae,Escherichia,Escherichia coli,"Specific host name, >1 host genome match"
Mycobacterium phage Wheeler,KF416340,Mycobacterium smegmatis str. MC2 155,Bacteria,Actinobacteria,Actinobacteria,Corynebacteriales,Mycobacteriaceae,Mycobacterium,Mycobacterium smegmatis,"Specific host, 1 host genome match only"
Mycobacterium phage Phelemich,KF416341,Mycobacterium smegmatis str. MC2 155,Bacteria,Actinobacteria,Actinobacteria,Corynebacteriales,Mycobacteriaceae,Mycobacterium,Mycobacterium smegmatis,"Specific host, 1 host genome match only"
Mycobacterium phage Papyrus,KF416342,Mycobacterium smegmatis str. MC2 155,Bacteria,Actinobacteria,Actinobacteria,Corynebacteriales,Mycobacteriaceae,Mycobacterium,Mycobacterium smegmatis,"Specific host, 1 host genome match only"
Mycobacterium phage Goku,KF416343,Mycobacterium smegmatis str. MC2 155,Bacteria,Actinobacteria,Actinobacteria,Corynebacteriales,Mycobacteriaceae,Mycobacterium,Mycobacterium smegmatis,"Specific host, 1 host genome match only"
Mycobacterium phage Adzzy,KF416344,Mycobacterium smegmatis str. MC2 155,Bacteria,Actinobacteria,Actinobacteria,Corynebacteriales,Mycobacteriaceae,Mycobacterium,Mycobacterium smegmatis,"Specific host, 1 host genome match only"
Pseudomonas phage MP48,KF475786,Pseudomonas aeruginosa PA14,Bacteria,Proteobacteria,Gammaproteobacteria,Pseudomonadales,Pseudomonadaceae,Pseudomonas,Pseudomonas aeruginosa,"Specific host, 1 host genome match only"
Mycobacterium phage Bernardo,KF493879,Mycobacterium smegmatis str. MC2 155,Bacteria,Actinobacteria,Actinobacteria,Corynebacteriales,Mycobacteriaceae,Mycobacterium,Mycobacterium smegmatis,"Specific host, 1 host genome match only"
Mycobacterium phage HanShotFirst,KF493880,Mycobacterium smegmatis str. MC2 155,Bacteria,Actinobacteria,Actinobacteria,Corynebacteriales,Mycobacteriaceae,Mycobacterium,Mycobacterium smegmatis,"Specific host, 1 host genome match only"
Mycobacterium phage JAMaL,KF493881,Mycobacterium smegmatis str. MC2 155,Bacteria,Actinobacteria,Actinobacteria,Corynebacteriales,Mycobacteriaceae,Mycobacterium,Mycobacterium smegmatis,"Specific host, 1 host genome match only"
Mycobacterium phage Jovo,KF493882,Mycobacterium smegmatis str. MC2 155,Bacteria,Actinobacteria,Actinobacteria,Corynebacteriales,Mycobacteriaceae,Mycobacterium,Mycobacterium smegmatis,"Specific host, 1 host genome match only"
Mycobacterium phage Mosby,KF493883,Mycobacterium smegmatis str. MC2 155,Bacteria,Actinobacteria,Actinobacteria,Corynebacteriales,Mycobacteriaceae,Mycobacterium,Mycobacterium smegmatis,"Specific host, 1 host genome match only"
Pectobacterium phage PM1,KF534715,Pectobacterium carotovorum subsp. carotovorum,Bacteria,Proteobacteria,Gammaproteobacteria,Enterobacteriales,Enterobacteriaceae,Pectobacterium,Pectobacterium carotovorum,"Specific host name, >1 host genome match"
Enterobacteria phage 4MG,KF550303,Escherichia coli K-12 subsr. MG1655,Bacteria,Proteobacteria,Gammaproteobacteria,Enterobacteriales,Enterobacteriaceae,Escherichia,Escherichia coli,"Specific host name, >1 host genome match"
Mycobacterium phage Conspiracy,KF560330,Mycobacterium smegmatis str. MC2 155,Bacteria,Actinobacteria,Actinobacteria,Corynebacteriales,Mycobacteriaceae,Mycobacterium,Mycobacterium smegmatis,"Specific host, 1 host genome match only"
Mycobacterium phage Graduation,KF560331,Mycobacterium smegmatis str. MC2 155,Bacteria,Actinobacteria,Actinobacteria,Corynebacteriales,Mycobacteriaceae,Mycobacterium,Mycobacterium smegmatis,"Specific host, 1 host genome match only"
Mycobacterium phage CloudWang3,KF560332,Mycobacterium smegmatis str. MC2 155,Bacteria,Actinobacteria,Actinobacteria,Corynebacteriales,Mycobacteriaceae,Mycobacterium,Mycobacterium smegmatis,"Specific host, 1 host genome match only"
Mycobacterium phage Artemis2UCLA,KF560333,Mycobacterium smegmatis str. MC2 155,Bacteria,Actinobacteria,Actinobacteria,Corynebacteriales,Mycobacteriaceae,Mycobacterium,Mycobacterium smegmatis,"Specific host, 1 host genome match only"
Mycobacterium phage Zaka,KF560334,Mycobacterium smegmatis str. MC2 155,Bacteria,Actinobacteria,Actinobacteria,Corynebacteriales,Mycobacteriaceae,Mycobacterium,Mycobacterium smegmatis,"Specific host, 1 host genome match only"
Mycobacterium phage Bruin,KF562099,Mycobacterium smegmatis str. MC2 155,Bacteria,Actinobacteria,Actinobacteria,Corynebacteriales,Mycobacteriaceae,Mycobacterium,Mycobacterium smegmatis,"Specific host, 1 host genome match only"
Mycobacterium phage HufflyPuff,KF562100,Mycobacterium smegmatis str. MC2 155,Bacteria,Actinobacteria,Actinobacteria,Corynebacteriales,Mycobacteriaceae,Mycobacterium,Mycobacterium smegmatis,"Specific host, 1 host genome match only"
Mycobacterium phage Nala,KF562101,Mycobacterium smegmatis str. MC2 155,Bacteria,Actinobacteria,Actinobacteria,Corynebacteriales,Mycobacteriaceae,Mycobacterium,Mycobacterium smegmatis,"Specific host, 1 host genome match only"
Mycobacterium phage PhatBacter,KF562102,Mycobacterium smegmatis str. MC2 155,Bacteria,Actinobacteria,Actinobacteria,Corynebacteriales,Mycobacteriaceae,Mycobacterium,Mycobacterium smegmatis,"Specific host, 1 host genome match only"
Rhizobium phage vB_RleS_L338C,KF614509,Rhizobium leguminosarum bv. viciae 3841,Bacteria,Proteobacteria,Alphaproteobacteria,Rhizobiales,Rhizobiaceae,Rhizobium,Rhizobium leguminosarum,"Specific host, 1 host genome match only"
Mycobacterium phage Suffolk,KF713485,Mycobacterium smegmatis str. MC2 155,Bacteria,Actinobacteria,Actinobacteria,Corynebacteriales,Mycobacteriaceae,Mycobacterium,Mycobacterium smegmatis,"Specific host, 1 host genome match only"
Mycobacterium phage Validus,KF713486,Mycobacterium smegmatis str. MC2 155,Bacteria,Actinobacteria,Actinobacteria,Corynebacteriales,Mycobacteriaceae,Mycobacterium,Mycobacterium smegmatis,"Specific host, 1 host genome match only"
Mycobacterium phage BellusTerra,KF841475,Mycobacterium smegmatis str. MC2 155,Bacteria,Actinobacteria,Actinobacteria,Corynebacteriales,Mycobacteriaceae,Mycobacterium,Mycobacterium smegmatis,"Specific host, 1 host genome match only"
Mycobacterium phage Melvin,KF841476,Mycobacterium smegmatis str. MC2 155,Bacteria,Actinobacteria,Actinobacteria,Corynebacteriales,Mycobacteriaceae,Mycobacterium,Mycobacterium smegmatis,"Specific host, 1 host genome match only"
Mycobacterium phage Donovan,KF841477,Mycobacterium smegmatis str. MC2 155,Bacteria,Actinobacteria,Actinobacteria,Corynebacteriales,Mycobacteriaceae,Mycobacterium,Mycobacterium smegmatis,"Specific host, 1 host genome match only"
Mycobacterium phage EagleEye,KF861510,Mycobacterium smegmatis str. MC2 155,Bacteria,Actinobacteria,Actinobacteria,Corynebacteriales,Mycobacteriaceae,Mycobacterium,Mycobacterium smegmatis,"Specific host, 1 host genome match only"
Mycobacterium phage Nyxis,KF954506,Mycobacterium smegmatis str. MC2 155,Bacteria,Actinobacteria,Actinobacteria,Corynebacteriales,Mycobacteriaceae,Mycobacterium,Mycobacterium smegmatis,"Specific host, 1 host genome match only"
Mycobacterium phage Obama12,KF959563,Mycobacterium smegmatis str. MC2 155,Bacteria,Actinobacteria,Actinobacteria,Corynebacteriales,Mycobacteriaceae,Mycobacterium,Mycobacterium smegmatis,"Specific host, 1 host genome match only"
Mycobacterium phage Echild,KF981601,Mycobacterium smegmatis str. MC2 155,Bacteria,Actinobacteria,Actinobacteria,Corynebacteriales,Mycobacteriaceae,Mycobacterium,Mycobacterium smegmatis,"Specific host, 1 host genome match only"
Mycobacterium phage MichelleMyBell,KF986246,Mycobacterium smegmatis str. MC2 155,Bacteria,Actinobacteria,Actinobacteria,Corynebacteriales,Mycobacteriaceae,Mycobacterium,Mycobacterium smegmatis,"Specific host, 1 host genome match only"
Mycobacterium phage Oaker,KF986247,Mycobacterium smegmatis str. MC2 155,Bacteria,Actinobacteria,Actinobacteria,Corynebacteriales,Mycobacteriaceae,Mycobacterium,Mycobacterium smegmatis,"Specific host, 1 host genome match only"
Salmonella phage STP4-a,KJ000058,Salmonella enterica subsp. enterica serovar Typhimurium str. 14028S,Bacteria,Proteobacteria,Gammaproteobacteria,Enterobacteriales,Enterobacteriaceae,Salmonella,Salmonella enterica,"Specific host, 1 host genome match only"
Mycobacterium phage Saal,KJ025956,Mycobacterium smegmatis str. MC2 155,Bacteria,Actinobacteria,Actinobacteria,Corynebacteriales,Mycobacteriaceae,Mycobacterium,Mycobacterium smegmatis,"Specific host, 1 host genome match only"
Mycobacterium phage RhynO,KJ156985,Mycobacterium smegmatis str. MC2 155,Bacteria,Actinobacteria,Actinobacteria,Corynebacteriales,Mycobacteriaceae,Mycobacterium,Mycobacterium smegmatis,"Specific host, 1 host genome match only"
Mycobacterium phage Alsfro,KJ174156,Mycobacterium smegmatis str. MC2 155,Bacteria,Actinobacteria,Actinobacteria,Corynebacteriales,Mycobacteriaceae,Mycobacterium,Mycobacterium smegmatis,"Specific host, 1 host genome match only"
Mycobacterium phage Soto,KJ174157,Mycobacterium smegmatis str. MC2 155,Bacteria,Actinobacteria,Actinobacteria,Corynebacteriales,Mycobacteriaceae,Mycobacterium,Mycobacterium smegmatis,"Specific host, 1 host genome match only"
Escherichia phage vB_EcoS_FFH1,KJ190157,Escherichia coli O157:H7,Bacteria,Proteobacteria,Gammaproteobacteria,Enterobacteriales,Enterobacteriaceae,Escherichia,Escherichia coli,"Specific host name, >1 host genome match"
Escherichia phage vB_EcoM_FFH2,KJ190158,Escherichia coli O157:H7,Bacteria,Proteobacteria,Gammaproteobacteria,Enterobacteriales,Enterobacteriaceae,Escherichia,Escherichia coli,"Specific host name, >1 host genome match"
Mycobacterium phage Audrey,KJ194581,Mycobacterium smegmatis str. MC2 155,Bacteria,Actinobacteria,Actinobacteria,Corynebacteriales,Mycobacteriaceae,Mycobacterium,Mycobacterium smegmatis,"Specific host, 1 host genome match only"
Mycobacterium phage Hawkeye,KJ194582,Mycobacterium smegmatis str. MC2 155,Bacteria,Actinobacteria,Actinobacteria,Corynebacteriales,Mycobacteriaceae,Mycobacterium,Mycobacterium smegmatis,"Specific host, 1 host genome match only"
Mycobacterium phage Heathcliff,KJ194584,Mycobacterium smegmatis str. MC2 155,Bacteria,Actinobacteria,Actinobacteria,Corynebacteriales,Mycobacteriaceae,Mycobacterium,Mycobacterium smegmatis,"Specific host, 1 host genome match only"
Mycobacterium phage Seabiscuit,KJ194585,Mycobacterium smegmatis str. MC2 155,Bacteria,Actinobacteria,Actinobacteria,Corynebacteriales,Mycobacteriaceae,Mycobacterium,Mycobacterium smegmatis,"Specific host, 1 host genome match only"
Mycobacterium phage Lamina13,KJ409696,Mycobacterium smegmatis str. MC2 155,Bacteria,Actinobacteria,Actinobacteria,Corynebacteriales,Mycobacteriaceae,Mycobacterium,Mycobacterium smegmatis,"Specific host, 1 host genome match only"
Pseudomonas phage phiPsa374,KJ409772,Pseudomonas syringae pv. actinidiae ICMP 18800,Bacteria,Proteobacteria,Gammaproteobacteria,Pseudomonadales,Pseudomonadaceae,Pseudomonas,Pseudomonas syringae,"Specific host, 1 host genome match only"
Mycobacterium phage 20ES,KJ410132,Mycobacterium smegmatis str. MC2 155,Bacteria,Actinobacteria,Actinobacteria,Corynebacteriales,Mycobacteriaceae,Mycobacterium,Mycobacterium smegmatis,"Specific host, 1 host genome match only"
Mycobacterium phage Jolie2,KJ410133,Mycobacterium smegmatis str. MC2 155,Bacteria,Actinobacteria,Actinobacteria,Corynebacteriales,Mycobacteriaceae,Mycobacterium,Mycobacterium smegmatis,"Specific host, 1 host genome match only"
Mycobacterium phage CRB1,KJ410134,Mycobacterium smegmatis str. MC2 155,Bacteria,Actinobacteria,Actinobacteria,Corynebacteriales,Mycobacteriaceae,Mycobacterium,Mycobacterium smegmatis,"Specific host, 1 host genome match only"
Pseudomonas phage phiPSA2,KJ507099,Pseudomonas syringae pv. actinidiae,Bacteria,Proteobacteria,Gammaproteobacteria,Pseudomonadales,Pseudomonadaceae,Pseudomonas,Pseudomonas syringae,"Specific host name, >1 host genome match"
Mycobacterium phage ZoeJ,KJ510412,Mycobacterium smegmatis str. MC2 155,Bacteria,Actinobacteria,Actinobacteria,Corynebacteriales,Mycobacteriaceae,Mycobacterium,Mycobacterium smegmatis,"Specific host, 1 host genome match only"
Mycobacterium phage Bernal13,KJ510413,Mycobacterium smegmatis str. MC2 155,Bacteria,Actinobacteria,Actinobacteria,Corynebacteriales,Mycobacteriaceae,Mycobacterium,Mycobacterium smegmatis,"Specific host, 1 host genome match only"
Mycobacterium phage Kampy,KJ510414,Mycobacterium smegmatis str. MC2 155,Bacteria,Actinobacteria,Actinobacteria,Corynebacteriales,Mycobacteriaceae,Mycobacterium,Mycobacterium smegmatis,"Specific host, 1 host genome match only"
Mycobacterium phage Phantastic,KJ510415,Mycobacterium smegmatis str. MC2 155,Bacteria,Actinobacteria,Actinobacteria,Corynebacteriales,Mycobacteriaceae,Mycobacterium,Mycobacterium smegmatis,"Specific host, 1 host genome match only"
Mycobacterium phage MosMoris,KJ538721,Mycobacterium smegmatis str. MC2 155,Bacteria,Actinobacteria,Actinobacteria,Corynebacteriales,Mycobacteriaceae,Mycobacterium,Mycobacterium smegmatis,"Specific host, 1 host genome match only"
Mycobacterium phage HH92,KJ538722,Mycobacterium smegmatis str. MC2 155,Bacteria,Actinobacteria,Actinobacteria,Corynebacteriales,Mycobacteriaceae,Mycobacterium,Mycobacterium smegmatis,"Specific host, 1 host genome match only"
Mycobacterium phage Zapner,KJ567041,Mycobacterium smegmatis str. MC2 155,Bacteria,Actinobacteria,Actinobacteria,Corynebacteriales,Mycobacteriaceae,Mycobacterium,Mycobacterium smegmatis,"Specific host, 1 host genome match only"
Mycobacterium phage OkiRoe,KJ567042,Mycobacterium smegmatis str. MC2 155,Bacteria,Actinobacteria,Actinobacteria,Corynebacteriales,Mycobacteriaceae,Mycobacterium,Mycobacterium smegmatis,"Specific host, 1 host genome match only"
Mycobacterium phage Gaia,KJ567043,Mycobacterium smegmatis str. MC2 155,Bacteria,Actinobacteria,Actinobacteria,Corynebacteriales,Mycobacteriaceae,Mycobacterium,Mycobacterium smegmatis,"Specific host, 1 host genome match only"
Mycobacterium phage Damien,KJ567046,Mycobacterium smegmatis str. MC2 155,Bacteria,Actinobacteria,Actinobacteria,Corynebacteriales,Mycobacteriaceae,Mycobacterium,Mycobacterium smegmatis,"Specific host, 1 host genome match only"
Mycobacterium phage Manad,KJ595576,Mycobacterium smegmatis str. MC2 155,Bacteria,Actinobacteria,Actinobacteria,Corynebacteriales,Mycobacteriaceae,Mycobacterium,Mycobacterium smegmatis,"Specific host, 1 host genome match only"
Shigella phage POCJ13,KJ603229,Shigella flexneri 2a,Bacteria,Proteobacteria,Gammaproteobacteria,Enterobacteriales,Enterobacteriaceae,Shigella,Shigella flexneri,"Specific host name, >1 host genome match"
Mycobacterium phage Pinto,KJ690250,Mycobacterium smegmatis str. MC2 155,Bacteria,Actinobacteria,Actinobacteria,Corynebacteriales,Mycobacteriaceae,Mycobacterium,Mycobacterium smegmatis,"Specific host, 1 host genome match only"
Escherichia phage PE3-1,KJ748011,Escherichia coli O157:H7,Bacteria,Proteobacteria,Gammaproteobacteria,Enterobacteriales,Enterobacteriaceae,Escherichia,Escherichia coli,"Specific host name, >1 host genome match"
Salmonella phage 9NA,KJ802832,Salmonella enterica subsp. enterica serovar Typhimurium str. LT2,Bacteria,Proteobacteria,Gammaproteobacteria,Enterobacteriales,Enterobacteriaceae,Salmonella,Salmonella enterica,"Specific host, 1 host genome match only"
Mycobacterium phage Inventum,KM066034,Mycobacterium smegmatis str. MC2 155,Bacteria,Actinobacteria,Actinobacteria,Corynebacteriales,Mycobacteriaceae,Mycobacterium,Mycobacterium smegmatis,"Specific host, 1 host genome match only"
Mycobacterium phage Sparky,KM083128,Mycobacterium smegmatis str. MC2 155,Bacteria,Actinobacteria,Actinobacteria,Corynebacteriales,Mycobacteriaceae,Mycobacterium,Mycobacterium smegmatis,"Specific host, 1 host genome match only"
Mycobacterium phage Trike,KM101120,Mycobacterium smegmatis str. MC2 155,Bacteria,Actinobacteria,Actinobacteria,Corynebacteriales,Mycobacteriaceae,Mycobacterium,Mycobacterium smegmatis,"Specific host, 1 host genome match only"
Mycobacterium phage Hades,KM101122,Mycobacterium smegmatis str. MC2 155,Bacteria,Actinobacteria,Actinobacteria,Corynebacteriales,Mycobacteriaceae,Mycobacterium,Mycobacterium smegmatis,"Specific host, 1 host genome match only"
Mycobacterium phage Minerva,KM101123,Mycobacterium smegmatis str. MC2 155,Bacteria,Actinobacteria,Actinobacteria,Corynebacteriales,Mycobacteriaceae,Mycobacterium,Mycobacterium smegmatis,"Specific host, 1 host genome match only"
Mycobacterium phage Squirty,KM101124,Mycobacterium smegmatis str. MC2 155,Bacteria,Actinobacteria,Actinobacteria,Corynebacteriales,Mycobacteriaceae,Mycobacterium,Mycobacterium smegmatis,"Specific host, 1 host genome match only"
Escherichia phage Av-05,KM190144,Escherichia coli O157:H7,Bacteria,Proteobacteria,Gammaproteobacteria,Enterobacteriales,Enterobacteriaceae,Escherichia,Escherichia coli,"Specific host name, >1 host genome match"
Rhizobium phage vB_RleM_P10VF,KM199770,Rhizobium leguminosarum bv. viciae VF39,Bacteria,Proteobacteria,Alphaproteobacteria,Rhizobiales,Rhizobiaceae,Rhizobium,Rhizobium leguminosarum,"Specific host, 1 host genome match only"
Mycobacterium phage Cerasum,KM215148,Mycobacterium smegmatis str. MC2 155,Bacteria,Actinobacteria,Actinobacteria,Corynebacteriales,Mycobacteriaceae,Mycobacterium,Mycobacterium smegmatis,"Specific host, 1 host genome match only"
Mycobacterium phage Estave1,KM279937,Mycobacterium smegmatis str. MC2 155,Bacteria,Actinobacteria,Actinobacteria,Corynebacteriales,Mycobacteriaceae,Mycobacterium,Mycobacterium smegmatis,"Specific host, 1 host genome match only"
Mycobacterium phage BuzzLyseyear,KM347889,Mycobacterium smegmatis str. MC2 155,Bacteria,Actinobacteria,Actinobacteria,Corynebacteriales,Mycobacteriaceae,Mycobacterium,Mycobacterium smegmatis,"Specific host, 1 host genome match only"
Lactobacillus phage Ldl1,KM514685,Lactobacillus delbrueckii subsp. lactis,Bacteria,Firmicutes,Bacilli,Lactobacillales,Lactobacillaceae,Lactobacillus,Lactobacillus delbrueckii,"Specific host name, >1 host genome match"
Ruegeria phage DSS3-P1,KM581061,Ruegeria pomeroyi DSS-3,Bacteria,Proteobacteria,Alphaproteobacteria,Rhodobacterales,Rhodobacteraceae,Ruegeria,Ruegeria pomeroyi,"Specific host, 1 host genome match only"
Enterobacteria phage RB3,KM606994,Escherichia coli B,Bacteria,Proteobacteria,Gammaproteobacteria,Enterobacteriales,Enterobacteriaceae,Escherichia,Escherichia coli,"Specific host name, >1 host genome match"
Enterobacteria phage RB5,KM606995,Escherichia coli B,Bacteria,Proteobacteria,Gammaproteobacteria,Enterobacteriales,Enterobacteriaceae,Escherichia,Escherichia coli,"Specific host name, >1 host genome match"
Enterobacteria phage RB6,KM606996,Escherichia coli B,Bacteria,Proteobacteria,Gammaproteobacteria,Enterobacteriales,Enterobacteriaceae,Escherichia,Escherichia coli,"Specific host name, >1 host genome match"
Enterobacteria phage RB7,KM606997,Escherichia coli B,Bacteria,Proteobacteria,Gammaproteobacteria,Enterobacteriales,Enterobacteriaceae,Escherichia,Escherichia coli,"Specific host name, >1 host genome match"
Enterobacteria phage RB9,KM606998,Escherichia coli B,Bacteria,Proteobacteria,Gammaproteobacteria,Enterobacteriales,Enterobacteriaceae,Escherichia,Escherichia coli,"Specific host name, >1 host genome match"
Enterobacteria phage RB10,KM606999,Escherichia coli B,Bacteria,Proteobacteria,Gammaproteobacteria,Enterobacteriales,Enterobacteriaceae,Escherichia,Escherichia coli,"Specific host name, >1 host genome match"
Enterobacteria phage RB27,KM607000,Escherichia coli B,Bacteria,Proteobacteria,Gammaproteobacteria,Enterobacteriales,Enterobacteriaceae,Escherichia,Escherichia coli,"Specific host name, >1 host genome match"
Enterobacteria phage RB33,KM607001,Escherichia coli B,Bacteria,Proteobacteria,Gammaproteobacteria,Enterobacteriales,Enterobacteriaceae,Escherichia,Escherichia coli,"Specific host name, >1 host genome match"
Enterobacteria phage RB55,KM607002,Escherichia coli B,Bacteria,Proteobacteria,Gammaproteobacteria,Enterobacteriales,Enterobacteriaceae,Escherichia,Escherichia coli,"Specific host name, >1 host genome match"
Enterobacteria phage RB59,KM607003,Escherichia coli B,Bacteria,Proteobacteria,Gammaproteobacteria,Enterobacteriales,Enterobacteriaceae,Escherichia,Escherichia coli,"Specific host name, >1 host genome match"
Mycobacterium phage Keshu,KP027199,Mycobacterium smegmatis str. MC2 155,Bacteria,Actinobacteria,Actinobacteria,Corynebacteriales,Mycobacteriaceae,Mycobacterium,Mycobacterium smegmatis,"Specific host, 1 host genome match only"
Mycobacterium phage Malithi,KP027200,Mycobacterium smegmatis str. MC2 155,Bacteria,Actinobacteria,Actinobacteria,Corynebacteriales,Mycobacteriaceae,Mycobacterium,Mycobacterium smegmatis,"Specific host, 1 host genome match only"
Mycobacterium phage Sbash,KP027201,Mycobacterium smegmatis str. MC2 155,Bacteria,Actinobacteria,Actinobacteria,Corynebacteriales,Mycobacteriaceae,Mycobacterium,Mycobacterium smegmatis,"Specific host, 1 host genome match only"
Mycobacterium phage Alvin,KP027205,Mycobacterium smegmatis str. MC2 155,Bacteria,Actinobacteria,Actinobacteria,Corynebacteriales,Mycobacteriaceae,Mycobacterium,Mycobacterium smegmatis,"Specific host, 1 host genome match only"
Mycobacterium phage Milly,KP027206,Mycobacterium smegmatis str. MC2 155,Bacteria,Actinobacteria,Actinobacteria,Corynebacteriales,Mycobacteriaceae,Mycobacterium,Mycobacterium smegmatis,"Specific host, 1 host genome match only"
